date,PET_mm_day,year,month,PET_mm_month,precip_mm,temp_c,wind_u,wind_v,solar_rad,balance_mm
1981-01-01,0.14640183769148649,1981,1,4.538456968436081,17.32096725273267,13.820871126077122,0.08528106835964734,-0.13706956061739975,12.716649392449135,12.782510284296592
1981-02-01,0.1752144318946064,1981,2,4.906004093048979,21.01720541201073,14.04686115834744,-0.12630356799115194,0.013116224664765518,12.303849628767269,16.111201318961747
1981-03-01,0.12059150266702467,1981,3,3.738336582677765,19.20310888015994,14.44155411067078,0.12455193940138688,-0.13754477909218046,12.726321083974813,15.464772297482178
1981-04-01,0.15065483336511382,1981,4,4.519645000953415,17.264961982446653,14.619947948918707,0.05959378506981405,-0.07882572234669134,13.345170015232291,12.74531698149324
1981-05-01,0.15201483921975117,1981,5,4.712460015812287,17.05503949559398,14.4247256070949,-0.04720819187091668,-0.07688485793976077,12.216820721793058,12.342579479781694
1981-06-01,0.21749209853789997,1981,6,6.524762956136999,15.047480274365297,14.041073251125908,-0.3533229837219417,0.10100751322120698,12.246313047546513,8.522717318228299
1981-07-01,0.30489062207208745,1981,7,9.451609284234712,18.780503517368995,13.241017405385719,-0.5981736455541118,0.2746147503986177,12.989906125775212,9.328894233134283
1981-08-01,0.31137477733504093,1981,8,9.652618097386268,13.058406626211747,13.684380959079306,-0.38496279620512075,0.1454505246996348,13.98161127167882,3.405788528825479
1981-09-01,0.3826262527838735,1981,9,11.478787583516205,18.973963943746238,14.049819195219925,-0.45730683240910225,0.18465132646391536,14.882096271128002,7.495176360230033
1981-10-01,0.22344395182643492,1981,10,6.9267625066194825,15.7635635234347,14.311634309179624,-0.0464906138417096,-0.08214533179852486,13.614905516238288,8.836801016815217
1981-11-01,0.11963134393516389,1981,11,3.5889403180549166,16.109231593492932,14.042418074895693,0.27602128097456147,-0.2550316623732984,11.943708378196058,12.520291275438016
1981-12-01,0.1608271235217571,1981,12,4.98564082917447,20.029448071279685,14.143043757299438,-0.06386932368481356,-0.07367577457853397,12.570277388532258,15.043807242105215
1982-01-01,0.10849383772648939,1982,1,3.3633089695211713,21.397294950449613,13.747524481200628,0.16291190008255382,-0.15068022437744674,11.46747506364922,18.033985980928442
1982-02-01,0.1320680325550715,1982,2,3.6979049115420017,23.021946719046507,14.005673448207574,0.03263193229481883,-0.06488448555873402,12.020662173865738,19.324041807504507
1982-03-01,0.13121464737553765,1982,3,4.067654068641667,16.276810326981572,14.267988856538409,-0.0028582090341075627,-0.024670517570421754,12.045355418636436,12.209156258339906
1982-04-01,0.1438933455795806,1982,4,4.316800367387418,21.672929563876355,14.341387566574952,-0.0938304640265988,-0.02477961641804927,12.076202938309217,17.356129196488936
1982-05-01,0.19051901268738863,1982,5,5.906089393309047,25.023778451274122,14.33241748380243,-0.30037814988987244,0.09764995176506018,12.206828398868458,19.117689057965073
1982-06-01,0.2918560475036301,1982,6,8.755681425108902,21.801741474668695,13.984743127790694,-0.6083268303695276,0.28922554842471915,12.757393345881841,13.046060049559793
1982-07-01,0.3181760851253729,1982,7,9.86345863888656,22.987622125092663,13.396464337525344,-0.7003960066243231,0.3669624636785702,12.731710078119898,13.124163486206104
1982-08-01,0.40420632795947725,1982,8,12.530396166743795,19.068219967266145,13.562360453883286,-0.7513907236135147,0.3730334640003213,14.389783842672179,6.53782380052235
1982-09-01,0.3026667732641317,1982,9,9.08000319792395,23.49938312940016,14.038700998352112,-0.4193334005665252,0.1329099688147606,13.623363102194489,14.419379931476211
1982-10-01,0.1837743810903117,1982,10,5.697005813799662,26.307718164202154,13.923483258437102,-0.19211544522055213,0.018681020345512528,12.618812332914416,20.61071235040249
1982-11-01,0.13516835018596002,1982,11,4.055050505578801,20.259258532721816,14.077089762467267,-0.09885249720500687,-0.005234493678548131,12.31779486606463,16.204208027143014
1982-12-01,0.12846645209389596,1982,12,3.9824600149107745,21.955192972958553,14.284069935119305,-0.13844715058641427,0.02544655289876684,11.557758938309213,17.97273295804778
1983-01-01,0.18617281293104404,1983,1,5.771357200862365,20.81890879544248,15.038217832141811,-0.22840153739081667,0.09879895738309698,13.17168328234142,15.047551594580113
1983-02-01,0.2173246903731418,1983,2,6.085091330447971,19.898750170334882,15.08533944810722,-0.2997517503263797,0.09749113152821166,14.161168633228156,13.813658839886912
1983-03-01,0.15336461284009192,1983,3,4.754302998042849,21.391481458220603,15.210789129983254,-0.14672776355977912,0.021469130945107134,13.054092928517028,16.637178460177754
1983-04-01,0.1679224027283461,1983,4,5.037672081850383,19.72221776658127,15.106441654441426,-0.2419542724141202,0.10384186836104049,12.621314764008272,14.684545684730887
1983-05-01,0.19910716792330582,1983,5,6.17232220562248,20.843187254910845,15.027570946080914,-0.3663517473934913,0.16602891210813983,12.800544315308455,14.670865049288365
1983-06-01,0.2661020109465801,1983,6,7.983060328397403,21.871438774849466,14.366223044587855,-0.6138558542880174,0.32029581791090506,12.64211413252094,13.888378446452062
1983-07-01,0.36501502276558345,1983,7,11.315465705733088,24.45734778127967,14.09761289684343,-0.7018905674304864,0.3146362421938286,13.52034844587096,13.141882075546581
1983-08-01,0.36187147320134166,1983,8,11.218015669241591,32.37924812627594,14.063173995870386,-0.6227664726497221,0.2551404280419215,13.21605643303231,21.161232457034348
1983-09-01,0.3879708985188953,1983,9,11.63912695556686,25.175317126010228,14.245835626606492,-0.4637566163767904,0.13232619022339914,14.38731542222818,13.536190170443367
1983-10-01,0.1820797519411594,1983,10,5.644472310175942,24.89202876233499,14.193949699049142,-0.05646250154829143,-0.0852514424063075,12.774606698156651,19.24755645215905
1983-11-01,0.17657353217854213,1983,11,5.297205965356264,21.216376015427258,14.15943958762665,-0.1053524781020522,-0.03253499308007019,12.820915318898923,15.919170050070994
1983-12-01,0.12786470355165905,1983,12,3.9638058101014306,20.463169869624707,13.567910479388956,0.04085231592574503,-0.11005037615081574,12.308202880861712,16.499364059523277
1984-01-01,0.10810046896138571,1984,1,3.351114537802957,13.804618744885467,13.128046464468639,0.21763261608895348,-0.18234154822945453,12.129041824828636,10.45350420708251
1984-02-01,0.14712794486880787,1984,2,4.266710401195429,28.3947342066947,13.347679616483731,-0.19288293670199402,0.07059647528264766,11.44304692090088,24.12802380549927
1984-03-01,0.13278293712436312,1984,3,4.116271050855257,19.700107505213246,13.886299178291893,-0.025404192472409586,-0.05069034546532624,12.693091369859099,15.58383645435799
1984-04-01,0.1335990964699774,1984,4,4.007972894099321,22.533032074165675,13.903730232206442,-0.07447802417362079,-0.030342970847979725,11.847939569143728,18.525059180066354
1984-05-01,0.153833383281473,1984,5,4.768834881725663,21.48829505454979,13.895624036626089,-0.10394142631503368,-0.029854404253145603,13.251334079860735,16.719460172824128
1984-06-01,0.23739518473719876,1984,6,7.121855542115963,18.43369192077486,13.420104252642375,-0.4726133326842884,0.16239234628387877,12.284751964748123,11.311836378658896
1984-07-01,0.27298582888273243,1984,7,8.462560695364706,19.24586217485328,13.006797148200576,-0.5256514803990486,0.2157419649019761,13.230503836579262,10.783301479488573
1984-08-01,0.29772208450417376,1984,8,9.229384619629386,11.5983679455323,13.500885399245817,-0.4748059432455458,0.15438461386720348,13.526598503318462,2.3689833259029136
1984-09-01,0.2310043949260564,1984,9,6.930131847781692,18.75687764293587,13.46174777905344,-0.2310854997200126,0.009238485594255465,13.303806782611723,11.826745795154178
1984-10-01,0.17709397958076567,1984,10,5.4899133670037354,22.3200055895844,13.932896125004106,0.027846605730269456,-0.10970996557440536,13.825873699460157,16.830092222580667
1984-11-01,0.12625613954706025,1984,11,3.7876841864118074,13.847063117543573,13.443968872561754,0.29530754448371144,-0.2707666323008831,13.116248685888367,10.059378931131766
1984-12-01,0.17606101069169933,1984,12,5.45789133144268,16.999469742903226,13.766717301851145,-0.11589842700761098,-0.011816959673711687,12.2807649061038,11.541578411460547
1985-01-01,0.11464988660628879,1985,1,3.5541464847949524,17.19453289209175,13.365998451017902,0.2642826767847673,-0.2127365593344197,11.194509605483622,13.640386407296798
1985-02-01,0.23508954756044576,1985,2,6.582507331692481,16.387955281616232,13.457262183164346,-0.2936233728653899,0.10598817990713617,13.909955671852902,9.805447949923751
1985-03-01,0.16732057364403144,1985,3,5.186937782964975,11.88360055249165,14.089942206792728,0.03534111972991876,-0.11357706989482982,13.876902372001144,6.696662769526675
1985-04-01,0.1398574918997527,1985,4,4.195724756992581,14.46764908784743,13.986224701256447,0.03596301094879458,-0.0789949591226487,13.253384975519525,10.27192433085485
1985-05-01,0.18409168256948863,1985,5,5.706842159654148,18.38697401101696,13.856701370951555,-0.2362176540068866,0.05191899684473943,12.124677547165707,12.680131851362813
1985-06-01,0.27872584192761857,1985,6,8.361775257828556,15.216964515031185,13.397979393665196,-0.6540517632687081,0.3493245525025995,12.564008700250245,6.855189257202628
1985-07-01,0.27587248421279653,1985,7,8.552047010596693,18.311018329820605,12.786011732655766,-0.5680671910209271,0.26522249402969783,12.701023443368516,9.758971319223912
1985-08-01,0.2981594471621448,1985,8,9.242942862026489,19.943135959246003,13.227052673200376,-0.48176977873341387,0.16569568838236337,13.690864085300836,10.700193097219515
1985-09-01,0.2842710601574064,1985,9,8.528131804722191,21.0871602450558,13.811131016508511,-0.3211768473754988,0.07172633779021681,14.039342921010107,12.559028440333607
1985-10-01,0.16178406717387958,1985,10,5.015306082390267,9.465135805146879,13.937547588628547,0.13403352831434912,-0.17555122045525887,15.354382022408128,4.449829722756612
1985-11-01,0.14506107093326445,1985,11,4.351832127997934,11.992718139342406,13.77466876125743,0.2718916498606931,-0.26328005887727685,14.235252767925141,7.640886011344472
1985-12-01,0.13862587199365228,1985,12,4.2974020318032204,16.104284439508767,13.818760093943865,0.29058797475420306,-0.28198346053019596,13.350639301055377,11.806882407705547
1986-01-01,0.14126310894576471,1986,1,4.379156377318706,22.623218828078887,13.749897896106063,-0.055963887079874104,0.007109532041345302,11.48538059275378,18.244062450760183
1986-02-01,0.12359288912222365,1986,2,3.460600895422262,13.333633580219649,13.422799911723189,0.2507519387353193,-0.19993789327532432,11.84048742813622,9.873032684797387
1986-03-01,0.12392438825076468,1986,3,3.8416560357737053,14.18559049094661,13.678774703001693,0.03338734040827372,-0.08675329164586562,12.721811972609075,10.343934455172906
1986-04-01,0.16436165735898076,1986,4,4.930849720769423,22.380578860561986,14.28994010134221,-0.16183162770558196,0.047509958352089016,12.480666381677729,17.449729139792563
1986-05-01,0.18924833138824337,1986,5,5.866698273035545,16.948231503355956,14.396371468261862,-0.24272881315810527,0.050363711129982246,12.37551206658688,11.08153323032041
1986-06-01,0.25733134571010047,1986,6,7.719940371303014,16.176086357440223,13.601289554447021,-0.5281987062100811,0.2533212060340015,12.603304924382547,8.456145986137209
1986-07-01,0.3004392897795352,1986,7,9.313617983165592,21.035331539548793,13.111299519294448,-0.692963292608841,0.38735393040225086,12.843926068545313,11.7217135563832
1986-08-01,0.32502121428132774,1986,8,10.07565764272116,17.923638221205607,13.794082536345627,-0.5569961028212679,0.21684008596148635,14.088271831791971,7.847980578484448
1986-09-01,0.28288374486340795,1986,9,8.486512345902238,20.934799600866796,13.964982536082687,-0.4271871808329833,0.1795276952715929,13.59310786010134,12.448287254964558
1986-10-01,0.13569190339352258,1986,10,4.2064490051992,19.20964550119581,13.922122976655658,0.0786879335805416,-0.11992824750760607,12.510576455756647,15.003196495996608
1986-11-01,0.14147861537791048,1986,11,4.244358461337314,20.129798967330373,14.043624463878814,0.04203337178683205,-0.11263860964616854,12.676875707322376,15.88544050599306
1986-12-01,0.18012010122464217,1986,12,5.583723137963907,19.261978971077625,13.992256548220269,-0.16468355956838665,0.008479675444045869,12.842127380045696,13.678255833113717
1987-01-01,0.18626027827904,1987,1,5.77406862665024,20.62056144077405,14.260066060279996,-0.2252351644443565,0.09970732682574336,12.218650535523881,14.84649281412381
1987-02-01,0.2590754796541223,1987,2,7.254113430315424,20.210351633920347,14.776715602216882,-0.4610756048244641,0.2440835344507365,12.851428241975848,12.956238203604922
1987-03-01,0.1415986596790248,1987,3,4.389558450049769,21.022876032057045,14.812376224010222,-0.024016579428871934,-0.063859608886473,13.36453746941301,16.633317582007276
1987-04-01,0.1876817769904699,1987,4,5.630453309714097,27.460195106252527,14.662205982343096,-0.346826685537206,0.1179309985464123,12.28971861081493,21.82974179653843
1987-05-01,0.18024587821097657,1987,5,5.587622224540274,16.172995217192362,14.511511136170043,-0.276986586050167,0.08645654090430599,12.47780595691437,10.585372992652088
1987-06-01,0.2955711696702093,1987,6,8.867135090106279,21.35391462336234,14.463198192448203,-0.6018170908866801,0.29797560003166706,12.911382940267652,12.48677953325606
1987-07-01,0.3043771224780167,1987,7,9.435690796818518,20.262894679193423,14.249918250012456,-0.5275008963521709,0.22062263295772666,13.126829990860617,10.827203882374905
1987-08-01,0.3315404164048139,1987,8,10.277752908549232,19.53180668663847,14.114065077275995,-0.5206959594412787,0.23127848123287478,13.218372252420842,9.254053778089236
1987-09-01,0.32080667441167304,1987,9,9.62420023235019,18.679098811555075,14.69479177634986,-0.3656880670604969,0.0923625249596003,13.994545369193107,9.054898579204885
1987-10-01,0.1432533732287832,1987,10,4.440854570092279,20.687189436053227,14.467669467554629,0.016017016901724492,-0.08602911115224471,12.168589471524028,16.246334865960947
1987-11-01,0.1473662585799918,1987,11,4.420987757399754,17.533173883596156,14.586027101349202,0.04457837159687327,-0.13095961819664204,12.782400535088673,13.112186126196402
1987-12-01,0.20815967168732227,1987,12,6.452949822306991,19.568947554530187,14.573357292659239,-0.18524038798141598,-0.0009905625551780287,13.074421531062995,13.115997732223196
1988-01-01,0.16397825067808733,1988,1,5.083325771020707,21.479995445039524,14.380053256710141,-0.07494291326916912,-0.02495040028181628,12.503225163747143,16.396669674018817
1988-02-01,0.16885265881850442,1988,2,4.896727105736629,21.018186799931673,14.629520474117328,-0.047736377091418716,-0.049617473584447847,13.2379306565118,16.121459694195046
1988-03-01,0.19908082734355015,1988,3,6.171505647650054,15.548476736538705,14.508057963130796,-0.09014429520528239,-0.05762731755289552,14.53246440582499,9.37697108888865
1988-04-01,0.13197621248085012,1988,4,3.9592863744255036,25.34347596564968,14.44949208768952,-0.002495131494171174,-0.04926029012740441,11.596428479164397,21.384189591224178
1988-05-01,0.18585818135130622,1988,5,5.761603621890493,31.151478417453088,14.450984922211319,-0.3107139839335891,0.09058168504847985,11.778124936785984,25.389874795562594
1988-06-01,0.23422439001988,1988,6,7.026731700596399,17.331296319371738,13.713917777748634,-0.3613465485226769,0.1365284116103955,12.40276792296812,10.304564618775338
1988-07-01,0.2651040346004722,1988,7,8.218225072614638,14.375888127164023,13.142852659685104,-0.5629395557661309,0.28423756674238493,12.641460994015885,6.157663054549385
1988-08-01,0.30884851744439207,1988,8,9.574304040776154,15.725268530477024,13.64951521709844,-0.39566376548819404,0.13005054867341537,14.050785019040367,6.15096448970087
1988-09-01,0.2906438327094015,1988,9,8.719314981282045,13.164828817314834,13.92904488533759,-0.2607696622645761,0.03870971023083096,14.050748462349375,4.44551383603279
1988-10-01,0.15296692804274425,1988,10,4.741974769325072,14.850913774318075,14.054921273746402,0.1397059853273304,-0.17862700451031285,13.314618186632558,10.108939004993003
1988-11-01,0.1266835229799632,1988,11,3.8005056893988955,15.646939066870273,13.975823413465719,0.21609403861125417,-0.19845806082811754,11.849657360026114,11.846433377471378
1988-12-01,0.11747886915573437,1988,12,3.6418449438277656,15.21071804089463,13.479082419202769,0.27683703775647645,-0.2534782668864839,12.192469974105103,11.568873097066865
1989-01-01,0.14872507955566022,1989,1,4.610477466225467,20.579693203891168,13.440706045071693,-0.12388379202095526,-0.01445239501528113,11.508668189533237,15.969215737665701
1989-02-01,0.15340951431131236,1989,2,4.295466400716746,17.81286282661457,13.53329058304638,-0.05860105908198478,0.006137361984078616,12.700868776411701,13.517396425897823
1989-03-01,0.15149244134200107,1989,3,4.696265681602033,11.87259097755504,13.614114708600027,0.3315399678562012,-0.2671042252333999,13.797349022229627,7.176325295953007
1989-04-01,0.17558722093072412,1989,4,5.267616627921724,18.402977232574973,14.114576212675786,-0.2539119513973086,0.0761639306885337,12.518767945598954,13.135360604653249
1989-05-01,0.2065260421248806,1989,5,6.4023073058712985,24.90542829417571,13.898775478774269,-0.37305375544216307,0.1304685835246357,12.151732440430857,18.50312098830441
1989-06-01,0.24116976578031962,1989,6,7.235092973409588,19.107016294669833,13.60672167837265,-0.46243714419844206,0.18308221511749517,12.379786406702205,11.871923321260244
1989-07-01,0.28574516675845085,1989,7,8.858100169511976,17.21000273956493,13.131438957631815,-0.579132151154929,0.26695912562131546,13.344853538461537,8.351902570052955
1989-08-01,0.30549009014535833,1989,8,9.470192794506108,18.925097655387084,13.56411328880722,-0.49094729962565276,0.16378183388733367,13.408827810466756,9.454904860880976
1989-09-01,0.2783650855377711,1989,9,8.350952566133133,20.595737692284466,13.933953578510284,-0.3284579567467734,0.07668360298313624,13.847262981780322,12.244785126151333
1989-10-01,0.20808687465627687,1989,10,6.450693114344583,26.437302780704936,13.963494534368522,-0.20043243862264581,0.01723375788400098,13.037002861775447,19.98660966636035
1989-11-01,0.15356079792232838,1989,11,4.606823937669851,12.885078778113684,14.356063383897492,0.14999445648658222,-0.19268787279441352,13.545781596779458,8.278254840443832
1989-12-01,0.1360171492319787,1989,12,4.2165316261913395,14.707262963133124,14.256207831221559,0.32598265360571865,-0.27355296930075074,13.29288235882929,10.490731336941785
1990-01-01,0.18501982119267651,1990,1,5.735614456972972,15.418217011928716,14.102639177820663,-0.22281588082370082,0.0489497479955619,12.351548774670874,9.682602554955743
1990-02-01,0.1263007636082056,1990,2,3.536421381029757,13.531658555882009,14.383874533301196,0.22137009416567127,-0.157102671894982,12.443965699053422,9.995237174852253
1990-03-01,0.19092842932046308,1990,3,5.9187813089343555,16.463612460493845,14.615374563941714,-0.19752524999212404,0.07447791781781894,13.636376199672233,10.544831151559489
1990-04-01,0.15435874787768372,1990,4,4.630762436330512,19.47109469001386,14.565370203955467,-0.1175701116247076,0.019443320211162088,11.993179824828633,14.840332253683348
1990-05-01,0.22123932384994577,1990,5,6.858419039348319,19.883036400005423,14.323475786926565,-0.4331513775171905,0.13864404983196768,12.425982054401038,13.024617360657103
1990-06-01,0.2648243113051614,1990,6,7.944729339154842,20.97117270587779,14.092329582220145,-0.6505977746620878,0.3288829490313812,11.917807701882277,13.02644336672295
1990-07-01,0.2999175280871288,1990,7,9.297443370700993,20.388476837128835,13.501809989556477,-0.5841264101123279,0.2498802481402174,12.9348258748776,11.091033466427842
1990-08-01,0.3421338538783567,1990,8,10.606149470229058,14.079501219271226,13.698494550372686,-0.5902455221671504,0.2713753962047262,13.731585321510174,3.473351749042168
1990-09-01,0.3596261446807576,1990,9,10.788784340422728,12.45140479109806,14.265091587531913,-0.4008869266188348,0.11821292671333933,14.341176477103106,1.6626204506753322
1990-10-01,0.189554916998975,1990,10,5.876202426968225,16.047413042411936,14.573553150032978,0.04583946315602271,-0.16491678746555188,13.382253768273225,10.17121061544371
1990-11-01,0.20181132391458867,1990,11,6.05433971743766,11.359030369331567,14.422274922053475,-0.08929566389691283,-0.0565704214548262,13.223033393972363,5.304690651893907
1990-12-01,0.16287228487185773,1990,12,5.04904083102759,14.769562990667007,14.27528067007637,0.012433443763624168,-0.1073977615975695,12.965219123490368,9.720522159639417
1991-01-01,0.1462174580924795,1991,1,4.532741200866864,17.79877513170636,14.275618073429484,0.049348027023134435,-0.09082626334057446,12.66468297029703,13.266033930839496
1991-02-01,0.20683268001898733,1991,2,5.791315040531646,18.1773603174017,14.516920545401774,-0.2440413906789295,0.09441547043084085,12.834474120552716,12.386045276870053
1991-03-01,0.12361731094824327,1991,3,3.832136639395541,17.2943847357204,14.597087771038332,0.026614753715673636,-0.07870991457508637,12.144047364208193,13.462248096324858
1991-04-01,0.16324258330705738,1991,4,4.897277499211722,20.44360521383875,14.3221244253358,-0.17474462054471251,0.03351379683403982,12.385139721684254,15.54632771462703
1991-05-01,0.18694429041309868,1991,5,5.795273002806059,22.070052816904333,14.674158782344705,-0.28586618929611773,0.07667724695289736,12.293506088129691,16.274779814098274
1991-06-01,0.24335049449634036,1991,6,7.300514834890211,20.130530309249533,14.48919069707074,-0.46811545109180747,0.20877655814980906,12.298496783810252,12.830015474359321
1991-07-01,0.27064378198100314,1991,7,8.389957241411098,21.028691582097316,13.540676623881836,-0.6545288004795805,0.32324067745513807,12.490797188554017,12.638734340686218
1991-08-01,0.3481248376944216,1991,8,10.79186996852707,17.883220724936216,13.297108260748246,-0.723931651550698,0.38388139645664987,14.23894858383201,7.091350756409145
1991-09-01,0.27839423030542554,1991,9,8.351826909162765,16.90850368344376,13.993416104956395,-0.35646490998320524,0.13435125719306384,13.481775314350907,8.556676774280996
1991-10-01,0.26252473062727844,1991,10,8.138266649445631,22.034970731047096,13.781733557350663,-0.3495942577419751,0.07385567557291635,13.711230756208941,13.896704081601465
1991-11-01,0.13552876744397244,1991,11,4.0658630233191735,21.217140923666353,14.088297209388372,0.028570730503826455,-0.13035644705154703,12.181708533783045,17.15127790034718
1991-12-01,0.11542299521046048,1991,12,3.578112851524275,16.92733340637203,14.290582670515448,0.09467854415251059,-0.15582940057317263,11.598796844521813,13.349220554847754
1992-01-01,0.1821018098669085,1992,1,5.645156105874163,17.961585430351576,14.363583577894474,-0.11814534180364859,0.012251690725626038,13.310619075399845,12.316429324477413
1992-02-01,0.1567975879659215,1992,2,4.547130051011724,17.367920683360904,14.509532145439152,-0.07381130891297097,0.012538319611468961,12.571514570558154,12.82079063234918
1992-03-01,0.1690021586925203,1992,3,5.239066919468129,23.089165103609826,14.756918506292266,-0.22901229901978373,0.11116078882816115,12.453906789515557,17.850098184141697
1992-04-01,0.15983944846300546,1992,4,4.795183453890164,24.971381702858757,14.820146093699577,-0.21031504556230257,0.06873843247321593,12.258896434120333,20.176198248968593
1992-05-01,0.19715704776632012,1992,5,6.111868480755923,22.27379589139739,14.610477932035678,-0.3282869093281416,0.12624030973924,12.447359854422803,16.161927410641468
1992-06-01,0.29032521137878203,1992,6,8.70975634136346,22.159829765988356,14.071707784523824,-0.6582712071360345,0.2925167607737111,12.756808011750625,13.450073424624895
1992-07-01,0.2877638830586298,1992,7,8.920680374817524,14.386995664520239,13.001493903018854,-0.6993047249173198,0.3513941061845633,12.755817988249374,5.466315289702715
1992-08-01,0.32370829132382245,1992,8,10.034957031038497,14.791526336947463,13.479934457632226,-0.5846912839339796,0.26943087668611354,13.77567711935589,4.756569305908966
1992-09-01,0.27684872127046,1992,9,8.305461638113801,18.790046524256525,13.815645076322937,-0.33028659461540955,0.038649667244509474,13.842778306058147,10.484584886142724
1992-10-01,0.3147733899048235,1992,10,9.757975087049529,16.182978056984755,14.237545168406314,-0.3225790973638842,0.059159385329192474,14.407886208572325,6.4250029699352265
1992-11-01,0.14011958094056606,1992,11,4.203587428216982,15.028770720824696,14.179140664910904,0.1786806580551092,-0.21285570159387485,13.14821457665107,10.825183292607715
1992-12-01,0.14033622756786826,1992,12,4.350423054603916,12.805819079761903,14.209867777039449,0.17445006560947263,-0.2217837618920272,12.403999370906321,8.455396025157988
1993-01-01,0.16535418257245452,1993,1,5.12597965974609,21.402935163591607,13.915888035557998,-0.0899231313764173,-0.041495444686170856,12.994630465672937,16.276955503845517
1993-02-01,0.13591118094198615,1993,2,3.805513066375612,22.56960714615357,13.941933327522122,0.009552538193889534,-0.029517879035757942,11.979331008160154,18.764094079777955
1993-03-01,0.14300068398864896,1993,3,4.433021203648118,21.063234913821947,13.95568634089642,-0.13884673929489444,0.04221852042835589,12.634141197421386,16.63021371017383
1993-04-01,0.1539420242690907,1993,4,4.6182607280727215,22.512683271214044,14.45887629442882,-0.2318458796818567,0.06932512708125829,12.126473911652706,17.894422543141324
1993-05-01,0.1792122679698756,1993,5,5.555580307066144,17.858061223525326,14.533544145238977,-0.2733358142036385,0.065639315615436,12.391827875095203,12.302480916459182
1993-06-01,0.289316938664307,1993,6,8.679508159929211,17.941566907215943,14.110717922190304,-0.6689829264485062,0.3404981018396783,12.58012450201284,9.262058747286732
1993-07-01,0.30499495864288223,1993,7,9.454843717929348,20.792284780359438,13.63204941876677,-0.6462359398833663,0.2944482582954753,13.205742426939397,11.33744106243009
1993-08-01,0.352002766991981,1993,8,10.912085776751411,12.602109981884555,13.658650156551744,-0.6106342140939027,0.2858880475405029,13.801291332172777,1.6900242051331436
1993-09-01,0.29291272602113044,1993,9,8.787381780633913,18.131916381217238,13.963083911738408,-0.3162225335820198,0.070099128056579,13.746377968733425,9.344534600583325
1993-10-01,0.24728178468557827,1993,10,7.665735325252927,18.213100348916143,14.237784374952184,-0.22920616613924927,0.02004209953609436,13.448876608575985,10.547365023663216
1993-11-01,0.11829424543565804,1993,11,3.548827363069741,20.002614523231976,14.080109002174993,0.20787101943167843,-0.24342782478469482,12.277548781198997,16.453787160162236
1993-12-01,0.15671038858418157,1993,12,4.858022046109629,20.537539345549032,14.260536481226325,-0.025123440652531286,-0.08633796860818678,12.198731626373627,15.679517299439404
1994-01-01,0.1334615340490127,1994,1,4.137307555519394,21.789212761109248,13.880843811732404,0.022993444293954637,-0.0715968278634407,11.98636485213796,17.651905205589856
1994-02-01,0.14388165562443234,1994,2,4.028686357484105,19.907093811231853,13.921053002010524,-0.12224914972884081,0.05717110418544451,11.58441381460124,15.878407453747748
1994-03-01,0.13497297594908514,1994,3,4.184162254421639,18.96356916321485,13.96742301760787,-0.0764117473850908,0.012746300924046083,11.444758621117126,14.77940690879321
1994-04-01,0.15991987352592685,1994,4,4.797596205777806,21.591343508192285,14.179989975651267,-0.18870750369554554,0.0758176272743714,11.529961770209988,16.79374730241448
1994-05-01,0.19835423151187836,1994,5,6.148981176868229,24.182729816608344,14.30458261031032,-0.3526092665639826,0.13220418102657447,11.81670354586008,18.033748639740114
1994-06-01,0.2662525416394014,1994,6,7.987576249182041,15.94952380156615,13.629898907359859,-0.5631733092165995,0.24696124841256129,12.486301528886953,7.961947552384109
1994-07-01,0.28075571794528914,1994,7,8.703427256303963,11.782319421969282,13.293801778611282,-0.6467577984382064,0.34177058094046653,12.781753191382874,3.0788921656653194
1994-08-01,0.3358786047766365,1994,8,10.412236748075731,13.315644924059997,13.321859298272784,-0.628887290029035,0.3006247879566221,13.691439496899141,2.903408175984266
1994-09-01,0.3062567764835374,1994,9,9.187703294506122,15.767501847479837,14.049250077749889,-0.4317093921711598,0.18059570062226638,13.836330356750574,6.579798552973715
1994-10-01,0.165048888036949,1994,10,5.116515529145419,20.472142860750072,14.015819191541027,-0.03658736246271091,-0.08901820672036982,12.87847409788193,15.355627331604653
1994-11-01,0.137693222456566,1994,11,4.13079667369698,20.012271969363372,13.92261051746192,-0.0029695210162683913,-0.10377315379709189,12.049899754107278,15.881475295666391
1994-12-01,0.14785007643659434,1994,12,4.583352369534425,19.242441798289573,14.25113227254036,-0.06538111371582084,-0.03663770849771406,12.058938602110759,14.659089428755149
1995-01-01,0.21924935989566957,1995,1,6.796730156765757,20.15544692856646,14.194058692059627,-0.2346145723060871,0.13098782707565482,13.621935346099443,13.358716771800701
1995-02-01,0.2516479791272717,1995,2,7.046143415563608,14.315371253279107,14.485111108488809,-0.12750921144590274,-0.008540182556710152,14.882738531171796,7.269227837715499
1995-03-01,0.164856107130345,1995,3,5.110539321040695,15.688408392613935,14.510992933349428,-0.0007966319335167123,-0.056885979741328606,13.497534728661188,10.57786907157324
1995-04-01,0.172726717428556,1995,4,5.18180152285668,21.627940089140303,14.686004430484331,-0.15364770792783788,0.033520837380595254,12.267960434990753,16.446138566283622
1995-05-01,0.21926219404510822,1995,5,6.797128015398354,22.67631464198817,14.38796739176695,-0.35174174760659305,0.13925841303154973,12.131955461647262,15.879186626589817
1995-06-01,0.2389496068148708,1995,6,7.168488204446124,22.427992459479928,14.200772565887917,-0.44268215967202623,0.1535730519656348,11.167749525187679,15.259504255033804
1995-07-01,0.28463031668442396,1995,7,8.823539817217142,21.694963786924696,13.686109236500556,-0.49652059266803544,0.16579979981733814,12.796233222282666,12.871423969707553
1995-08-01,0.32859238203652624,1995,8,10.186363843132314,19.08057297135841,14.022281674702754,-0.4429215359721527,0.15420832440456492,13.667132371450334,8.894209128226096
1995-09-01,0.32565871122551904,1995,9,9.769761336765571,18.151757120133546,14.190949161360606,-0.4058194204560173,0.14273149390537637,13.365821936992964,8.381995783367975
1995-10-01,0.16715465344985905,1995,10,5.181794256945631,21.09660320131978,14.05777091029529,-0.04253376296782901,-0.0889212658454331,12.00168181581549,15.91480894437415
1995-11-01,0.12058740261576605,1995,11,3.6176220784729813,22.12198133743978,14.02296192516576,0.13736695789847236,-0.19643916239119522,11.788610057447501,18.5043592589668
1995-12-01,0.15086534217986788,1995,12,4.676825607575904,16.051621316080052,13.936224065072395,0.08390271377023906,-0.14871940139639353,13.238641780872593,11.374795708504148
1996-01-01,0.12106962048058377,1996,1,3.753158234898097,20.229340554984763,13.520956573967794,0.08098291331309772,-0.10134859638133178,12.053504008704163,16.476182320086664
1996-02-01,0.17940880510044457,1996,2,5.202855347912893,24.364142753763346,13.703719484480587,-0.23484229128400438,0.08520084672051485,12.906583125231199,19.16128740585045
1996-03-01,0.13083658064628548,1996,3,4.05593400003485,19.307010328180066,14.159401458086165,0.00500080300394304,-0.05207157913222948,11.78543801087341,15.251076328145217
1996-04-01,0.17941572625411675,1996,4,5.382471787623502,20.512606022037577,14.231849043025079,-0.20657987068532377,0.06348037045275139,12.29547928103579,15.130134234414076
1996-05-01,0.18473933472651874,1996,5,5.726919376522081,25.125342687848725,14.180619301503839,-0.2911501830400573,0.07130384315488227,11.8003305418344,19.398423311326646
1996-06-01,0.21105832036628577,1996,6,6.331749610988573,17.97964244605475,13.746788868443957,-0.42817457315517365,0.17603995804946992,11.251996902404526,11.647892835066177
1996-07-01,0.25126340954644083,1996,7,7.789165695939666,14.707011364095136,13.244568667320038,-0.5408125189336155,0.2632025059905564,12.450769210749643,6.91784566815547
1996-08-01,0.30412426204573434,1996,8,9.427852123417765,13.87958784199197,13.470932228637025,-0.5036623667041592,0.17973798113281195,13.499337756718527,4.451735718574206
1996-09-01,0.3369412435554393,1996,9,10.10823730666318,13.981181134130779,14.01221399673534,-0.45075859108838634,0.16575655928375072,14.295094051238129,3.8729438274675996
1996-10-01,0.17759274501912975,1996,10,5.505375095593022,16.245010654714058,14.096935251215484,-0.002935690428976928,-0.13062523451817454,13.85956930294029,10.739635559121036
1996-11-01,0.18643562803954244,1996,11,5.593068841186273,9.313296184346914,14.131601289166667,0.11913019860352402,-0.18279943693424766,14.875147428789033,3.7202273431606407
1996-12-01,0.19129421646037742,1996,12,5.9301207102717,14.05128525165627,13.87651937694551,-0.1399567015424489,-0.022777541186212634,13.12084277510608,8.12116454138457
1997-01-01,0.09240497925760185,1997,1,2.8645543569856575,25.99213453523301,13.47741869487652,0.3204372569119342,-0.20683361996038607,9.805891386791425,23.127580178247353
1997-02-01,0.22177305222763843,1997,2,6.209645462373876,18.530697984356223,13.944095071762149,-0.3446204631972683,0.1802570551371188,13.055301065825262,12.321052521982347
1997-03-01,0.15196368232356475,1997,3,4.710874152030507,14.110882696013109,14.486004784436432,-0.04639015118894966,0.015726000138665524,13.22557029421445,9.4000085439826
1997-04-01,0.1972407067065731,1997,4,5.917221201197193,21.24612342622278,14.331297484368747,-0.32146755129685783,0.14548333562013172,12.8017145781743,15.328902225025587
1997-05-01,0.25826691320380724,1997,5,8.006274309318025,21.03784879851677,14.478635893344233,-0.5747074792932703,0.3123524422718721,12.690420899358068,13.031574489198745
1997-06-01,0.21646697337286439,1997,6,6.494009201185931,16.60303137992247,14.13904901927242,-0.45143026595353797,0.17588099202735163,12.527463758676964,10.109022178736538
1997-07-01,0.34359154019969945,1997,7,10.651337746190682,22.32944178793346,13.858228946570023,-0.8750925441779712,0.5558729800549183,13.404273580894353,11.67810404174278
1997-08-01,0.356598480287443,1997,8,11.054552888910733,29.663559270628287,14.080372020799018,-0.7577369837490626,0.412464486853548,13.410029759547387,18.609006381717556
1997-09-01,0.27197220817531553,1997,9,8.159166245259467,29.94588702397295,14.398022993525728,-0.4558182250375574,0.15055227212217945,12.932152020353215,21.786720778713484
1997-10-01,0.2149498533287015,1997,10,6.6634454531897465,22.988889118027025,14.77307972713453,-0.26540492743354227,0.03287490248719026,14.022238164380834,16.32544366483728
1997-11-01,0.13037487415735055,1997,11,3.9112462247205166,25.276726792535484,14.459759112746156,-0.12536494587414831,-0.034216693923413956,11.463514487650961,21.365480567814966
1997-12-01,0.2631390944686656,1997,12,8.157311928528634,25.305804973887962,14.929931005769049,-0.49356539025554164,0.2764462105870675,13.594750460450438,17.14849304535933
1998-01-01,0.29393320288595925,1998,1,9.111929289464737,25.892053615429205,15.471857768575433,-0.5110489894355191,0.279230890615424,13.376498466978562,16.78012432596447
1998-02-01,0.24720906066306125,1998,2,6.921853698565715,23.56512040212462,15.889544731524495,-0.3389272791505859,0.14773173005883627,13.469343634860186,16.643266703558904
1998-03-01,0.23056806059612087,1998,3,7.147609878479747,28.35764109731581,15.746685579839664,-0.4007315578093375,0.18168020326234402,12.841097280634587,21.210031218836065
1998-04-01,0.19432160387277947,1998,4,5.829648116183384,22.461822768324467,15.738248369310043,-0.34221659639483243,0.16285644720511439,12.049733524752476,16.63217465214108
1998-05-01,0.19863751436562468,1998,5,6.157762945334365,22.145605998732474,15.26210217310404,-0.3798491802014278,0.20912758832708842,11.80551865324774,15.987843053398109
1998-06-01,0.2474423609363504,1998,6,7.423270828090511,24.08925123435945,14.178657799194582,-0.664204151090062,0.3580629917161791,11.878304408878252,16.665980406268936
1998-07-01,0.2563281065976778,1998,7,7.946171304528011,27.00854249098108,13.547556750609147,-0.6503795577709075,0.3086723581437978,12.456634319225328,19.062371186453067
1998-08-01,0.30369782155298636,1998,8,9.414632468142576,21.713169853337707,13.966460774230427,-0.4944393011447382,0.16969339420325663,13.641903710368835,12.29853738519513
1998-09-01,0.2972966179472199,1998,9,8.918898538416597,25.197788936906946,14.228845384182932,-0.3803750188497759,0.0933289587556077,13.703156658207584,16.278890398490347
1998-10-01,0.24449752723057597,1998,10,7.579423344147855,12.889342717031772,14.533584879614807,-0.1742443527364455,-0.046955244259195665,13.788953288974946,5.3099193728839165
1998-11-01,0.11828670868957011,1998,11,3.5486012606871036,16.94538880661291,14.095444105104946,0.19733054883564893,-0.21996625516972623,11.708528022848443,13.396787545925807
1998-12-01,0.14554818117039028,1998,12,4.511993616282099,16.05951748006036,14.03306470117036,0.1457194701954195,-0.19579957719856186,13.357473830486345,11.547523863778263
1999-01-01,0.12677835054660697,1999,1,3.930128866944816,19.99809902431389,13.639771373766507,0.08247647209196528,-0.062215886921737865,11.481709006419324,16.067970157369075
1999-02-01,0.1361484223636628,1999,2,3.8121558261825585,25.485765515584294,13.681150865518532,-0.040412127939223615,-0.006504444520344516,11.571239771515613,21.673609689401736
1999-03-01,0.15858272222494665,1999,3,4.916064388973346,19.004984603903328,13.824050600502005,-0.1726521287697493,0.05642260940662989,12.887015321754973,14.088920214929981
1999-04-01,0.2019539675567646,1999,4,6.058619026702938,24.0576148238179,13.929300149223081,-0.36176202450518685,0.1976773487498225,12.064032874986395,17.99899579711496
1999-05-01,0.2137195054691617,1999,5,6.625304669544013,21.38562782137846,13.67961004823951,-0.4141438070908813,0.1749264489137468,12.930665761723423,14.760323151834447
1999-06-01,0.2202160723792536,1999,6,6.606482171377609,23.824393315279345,13.50369263625015,-0.4128187529450077,0.1354838653405075,11.913655106952453,17.217911143901738
1999-07-01,0.27837955226063865,1999,7,8.629766120079799,18.54284479764824,12.935657517573475,-0.6347967795715566,0.3209016910121744,12.198405617016645,9.913078677568441
1999-08-01,0.3040801831290734,1999,8,9.426485677001276,17.292362033064933,13.22101657117446,-0.5431768257357766,0.22324865316491221,13.074435201175062,7.865876356063657
1999-09-01,0.20197796561596779,1999,9,6.059338968479033,25.882555926537542,13.560876534571605,-0.19209103692720583,-0.0012155919245700167,12.858429054583366,19.82321695805851
1999-10-01,0.20623650255926032,1999,10,6.39333157933707,20.406525698640056,13.547454649039366,-0.19760804388523368,-0.01548063211583192,13.203732295280794,14.013194119302987
1999-11-01,0.1146228522444091,1999,11,3.438685567332273,16.544732086442846,13.718330260612902,0.3349250464117212,-0.32864538970339635,11.125732583614406,13.106046519110572
1999-12-01,0.11483828790340224,1999,12,3.5599869250054694,17.680402914634133,13.62036809936842,0.29877721834021903,-0.27364190319211945,11.343229134152972,14.120415989628663
2000-01-01,0.11399408598638637,2000,1,3.5338166655779775,17.225988190653865,13.251132129764244,0.2541667294702,-0.200303729840402,11.625911624197586,13.692171525075889
2000-02-01,0.15403844208324138,2000,2,4.467114820414,16.640148673212867,13.416820036948536,-0.05960201866906116,-0.016888169388350308,12.956998994668695,12.173033852798866
2000-03-01,0.17106996969560834,2000,3,5.303169060563858,23.17066450643235,13.720628874082195,-0.14474176486341855,0.011617602830923592,13.485724588340492,17.867495445868492
2000-04-01,0.18731649436397654,2000,4,5.6194948309192965,23.061899967625404,13.77293795702991,-0.28430874647817644,0.1252370159276589,12.439849726253945,17.442405136706107
2000-05-01,0.19963304820515665,2000,5,6.188624494359856,23.1102938963581,13.917505794255817,-0.3874575677497538,0.1620226641005316,11.870392509193778,16.921669401998244
2000-06-01,0.2370454143051168,2000,6,7.1113624291535045,21.13732798260778,13.568773172905821,-0.4962858103159761,0.2105522852003113,11.958081677945817,14.025965553454274
2000-07-01,0.23824997246402851,2000,7,7.385749146384884,24.324543664291404,13.146597039682717,-0.5000653872356593,0.22214525270716248,11.900483368947882,16.93879451790652
2000-08-01,0.315356753189652,2000,8,9.776059348879212,22.415879264351368,13.292930867163307,-0.6099354581362844,0.25931214627367716,13.792803232292458,12.639819915472156
2000-09-01,0.21810907639700466,2000,9,6.54327229191014,22.45501328351661,13.601707128284716,-0.2597236308526478,0.018105338491639603,13.47289053788183,15.911740991606472
2000-10-01,0.22789374031479873,2000,10,7.0647059497587605,21.051497196696527,13.91653278123789,-0.2361484467821117,0.04635393968436265,13.226102165067639,13.986791246937766
2000-11-01,0.1275193148816303,2000,11,3.825579446448909,12.611646098132308,13.863353188607789,0.2726325726252284,-0.2519821495501914,12.96397192884343,8.786066651683399
2000-12-01,0.18055281830722114,2000,12,5.597137367523855,21.40697973006076,13.836947506325714,-0.1509459989139115,-0.014737968228999754,12.639295527363725,15.809842362536903
2001-01-01,0.2118725697744982,2001,1,6.568049663009444,25.840208069528575,13.387318490636176,-0.2051664422352417,0.10712708940237241,13.35361371842019,19.272158406519132
2001-02-01,0.24890852124106472,2001,2,6.969438594749812,15.928560133747164,13.883003719804265,-0.2740532157340956,0.1974989123526523,14.111241165487977,8.959121538997351
2001-03-01,0.2132669630807232,2001,3,6.611275855502419,24.06069658047199,13.99064190901612,-0.2911338447136661,0.07295942965405715,13.797970103246382,17.44942072496957
2001-04-01,0.27002777190799093,2001,4,8.100833157239729,20.56272995309808,14.300702219400591,-0.39743689973989094,0.17983179462836701,14.191497251441628,12.461896795858353
2001-05-01,0.23666652890648512,2001,5,7.336662396101039,22.296707373325514,14.244403063554444,-0.3764923559725706,0.11700128686660236,12.601584898270044,14.960044977224475
2001-06-01,0.2928162401968869,2001,6,8.784487205906608,19.257190731945503,13.425979143760571,-0.619364160926411,0.32594870057955305,12.287799197040583,10.472703526038895
2001-07-01,0.28872239240271735,2001,7,8.950394164484237,17.337356034840308,13.418221584366052,-0.5866853446076397,0.22519967667803048,12.618417892068328,8.386961870356071
2001-08-01,0.353822258026264,2001,8,10.968489998814183,15.923358279256995,13.534374820367702,-0.7072659985257264,0.3945028248814838,13.231801479055598,4.9548682804428115
2001-09-01,0.270500124207553,2001,9,8.11500372622659,24.09935737415509,13.6983640496249,-0.37377934885964065,0.053117340037254906,13.627747347898081,15.9843536479285
2001-10-01,0.2537707600839014,2001,10,7.866893562600945,12.621722006347406,14.502260043314777,-0.13112320016432016,-0.0788300648800191,14.610283841920767,4.754828443746462
2001-11-01,0.15988999168479634,2001,11,4.79669975054389,17.869013454833475,14.183624917707789,0.06040139883649628,-0.1868513431244013,12.611353374170383,13.072313704289584
2001-12-01,0.14247642930544416,2001,12,4.416769308468769,18.819086397446007,14.417917627162865,-0.0072769524677315685,-0.0999071964591388,11.84180011206615,14.402317088977238
2002-01-01,0.1837913204412614,2002,1,5.697530933679103,22.437384905435493,14.069773129116754,-0.18532495474792018,0.055094965886089135,13.17843744706778,16.73985397175639
2002-02-01,0.2111567023088001,2002,2,5.912387664646403,20.698002063111094,14.41250294351363,-0.16805237575112225,0.0601585674773569,13.937612432161897,14.785614398464691
2002-03-01,0.24347321625592627,2002,3,7.547669703933715,19.271013634043967,14.61391317670325,-0.3485152126590752,0.164420110436677,13.597911745491512,11.723343930110254
2002-04-01,0.16044189760092892,2002,4,4.813256928027868,21.77150591313362,14.381292432748353,-0.08189173463819961,0.03973219924128208,12.565937197040581,16.95824898510575
2002-05-01,0.2239973046156671,2002,5,6.943916443085681,20.923720305137877,14.525503271420575,-0.4294251182654933,0.20063148760429825,12.63869501882276,13.979803862052197
2002-06-01,0.28136039880675245,2002,6,8.440811964202574,15.86652490012715,13.643110091776236,-0.653865969851621,0.35508219708868205,12.920311860950926,7.425712935924576
2002-07-01,0.26627890244461977,2002,7,8.254645975783212,17.111550637841955,13.74590766548971,-0.574661935974991,0.29154531538856127,12.148737558698727,8.856904662058742
2002-08-01,0.33734173169355475,2002,8,10.457593682500198,17.23278130518665,13.664165366252348,-0.6251401458182412,0.32830887392832864,13.70543548819497,6.775187622686451
2002-09-01,0.31096705942986197,2002,9,9.32901178289586,18.534637824147854,13.950211340952308,-0.466575262920341,0.149145354514879,13.863969073644986,9.205626041251994
2002-10-01,0.2254467401509451,2002,10,6.988848944679298,31.632493641399577,14.042268209713825,-0.3258853769577336,0.07814731334345527,13.016612386154764,24.64364469672028
2002-11-01,0.205282866148475,2002,11,6.158485984454249,27.960889917795715,13.986311592182687,-0.33187621260555744,0.08808848808852206,13.19960328299423,21.802403933341466
2002-12-01,0.17821747799084017,2002,12,5.524741817716046,28.521016976167527,14.551040691914977,-0.2152035068523999,0.08007801874795993,12.012965804373845,22.996275158451482
2003-01-01,0.22131143181277263,2003,1,6.860654386195952,20.845648144370173,14.602479485984986,-0.18183962002553847,0.07556417112627506,13.311272142965946,13.984993758174221
2003-02-01,0.22329269842454702,2003,2,6.252195555887317,14.486138418714356,14.645943898431426,-0.25992981169120283,0.1507613808062556,13.040831288651939,8.233942862827039
2003-03-01,0.17172393426640967,2003,3,5.323441962258699,21.419247548319632,14.539529184858793,-0.1278725259776941,0.05092052297433407,13.36739535360679,16.095805586060933
2003-04-01,0.2055023590389624,2003,4,6.165070771168873,24.833483990087057,14.46133377960075,-0.34818282411168777,0.15989384336267148,12.885228620389508,18.668413218918182
2003-05-01,0.23950367172680193,2003,5,7.424613823530859,24.214543316107942,14.328115474836636,-0.4984239469919794,0.22677167623298056,12.122746033511046,16.789929492577084
2003-06-01,0.24547018916586671,2003,6,7.364105674976002,24.45391410817992,13.83179937252072,-0.4793907969058396,0.20330631142795672,12.5997745052769,17.089808433203917
2003-07-01,0.29107183302682027,2003,7,9.023226823831429,15.238910553422258,13.401311485864085,-0.6569671332025512,0.3482895986959394,12.54432870525514,6.215683729590829
2003-08-01,0.30450045669504666,2003,8,9.439514157546446,19.084715408409526,13.713880755553475,-0.5913056012609035,0.2794905706012798,12.869755063866826,9.64520125086308
2003-09-01,0.2616204430229635,2003,9,7.848613290688905,23.29005160037931,13.982292072527343,-0.3651862081694351,0.11335311466715513,12.870813970992339,15.441438309690405
2003-10-01,0.15515133130816103,2003,10,4.8096912705529915,23.32505061822628,14.195880766789571,-0.06756422343548253,-0.0962795348463659,12.281315829661827,18.515359347673286
2003-11-01,0.1582171109783254,2003,11,4.746513329349762,23.940982013842046,14.234760848638814,-0.0942676076431449,-0.07791035489981017,12.305553346317046,19.194468684492286
2003-12-01,0.1548549421406108,2003,12,4.800503206358934,21.86432544305676,14.097916935395801,-0.08088218440766716,-0.03590190004646134,12.467859670547272,17.063822236697824
2004-01-01,0.15115458506196452,2004,1,4.685792136920901,12.02214950767068,14.387171827956763,0.1668578010818901,-0.13422936337931393,13.581327897290825,7.336357370749779
2004-02-01,0.2506742468970074,2004,2,7.269553160013214,20.959416089136873,14.306688436093793,-0.27099596394404096,0.11117704373009897,14.514313687955607,13.68986292912366
2004-03-01,0.23565728864642385,2004,3,7.305375948039139,17.584208301057036,14.63399279182164,-0.29184908374532786,0.12606550261707405,13.480566868465075,10.278832353017897
2004-04-01,0.17775418570604518,2004,4,5.332625571181355,16.88350365642088,14.589804590478593,-0.12328387878753325,-0.02424815575013729,12.98137679273202,11.550878085239527
2004-05-01,0.22851660778994326,2004,5,7.084014841488241,21.282590315316106,14.45590732687765,-0.42639007896246534,0.16043906605628894,12.361992078990314,14.198575473827866
2004-06-01,0.3051354594623182,2004,6,9.154063783869546,15.599125093113189,13.660653654979853,-0.6949815999150288,0.3750198170430849,12.678120199325425,6.445061309243643
2004-07-01,0.2727343580175675,2004,7,8.454765098544593,16.742819166876377,13.345817587666431,-0.5577374790246852,0.1955515263117173,12.560376015232295,8.288054068331784
2004-08-01,0.382445980197099,2004,8,11.85582538611007,10.95896647778884,13.546080967879675,-0.7112136654464195,0.39325829162365233,13.886084469372209,-0.8968589083212297
2004-09-01,0.3133484988132748,2004,9,9.400454964398245,24.597153223615873,13.926834376391923,-0.39959470238185996,0.11738366471606956,13.670732701288966,15.196698259217628
2004-10-01,0.1777372236450295,2004,10,5.509853932995915,20.554976903133966,14.249216398841611,-0.03898032089530571,-0.14428525214329627,13.249025091321077,15.045122970138051
2004-11-01,0.14237080937206464,2004,11,4.271124281161939,21.071034668766906,14.278360018555361,0.060137242049598146,-0.16325810741332833,12.502288381895333,16.799910387604967
2004-12-01,0.13320137739261986,2004,12,4.129242699171216,19.518719014734348,14.205445523968194,0.057164107633874396,-0.09643620036655087,12.030334532912631,15.389476315563133
2005-01-01,0.14228049084567088,2005,1,4.410695216215797,18.508916556756354,14.271612026200899,0.08629358576140721,-0.09751887472445522,12.94454713763464,14.098221340540558
2005-02-01,0.2237651783834571,2005,2,6.265424994736799,10.990835517326772,14.635723732184715,-0.16342897719183072,0.07772957691105051,13.50403389968447,4.725410522589973
2005-03-01,0.19540469021391058,2005,3,6.057545396631228,24.43622019164417,14.569712537230714,-0.19095893918384907,0.022853167217089864,13.587121437670003,18.378674795012945
2005-04-01,0.19650946907688271,2005,4,5.895284072306481,26.30904576705567,14.864960846720862,-0.3287038081956369,0.13400908640219328,12.645844147100425,20.41376169474919
2005-05-01,0.18758207565856796,2005,5,5.815044345415607,16.55285743985945,14.52172406399643,-0.2771512631194375,0.06740861939808027,12.355845052333803,10.737813094443844
2005-06-01,0.260467446190416,2005,6,7.81402338571248,13.371419471227863,14.126898764796067,-0.5607004362796753,0.24312714261389212,12.291811445326955,5.557396085515383
2005-07-01,0.32788863444704214,2005,7,10.164547667858306,16.357956748910798,13.790192290559162,-0.6449513613315184,0.34137968559958254,13.16301919638777,6.193409081052492
2005-08-01,0.31015719347955517,2005,8,9.614872997866211,18.16262425365092,13.762025904061488,-0.5774196606701312,0.24639891582012116,13.246224238494179,8.54775125578471
2005-09-01,0.31623144634951433,2005,9,9.48694339048543,17.58944154968184,14.147223883553977,-0.40444739222098536,0.12772291210657258,13.997725457218255,8.10249815919641
2005-10-01,0.15691004030976632,2005,10,4.864211249602756,19.06147137907395,14.113841650818301,0.06434445883890266,-0.1582562245607713,12.712780660505182,14.197260129471193
2005-11-01,0.12455374155949925,2005,11,3.7366122467849774,16.797106955778546,14.100497135033265,0.2847793798246395,-0.2895547386196826,12.452799186160373,13.060494708993568
2005-12-01,0.10645224850827893,2005,12,3.300019703756647,18.80444034162218,13.744776673950412,0.20195285488739192,-0.21564319564110435,11.702556931998696,15.504420637865532
2006-01-01,0.15606039750466913,2006,1,4.837872322644743,17.192308851738446,13.895444482299695,-0.0554344050449226,-0.03811689461293121,12.968901267109127,12.354436529093704
2006-02-01,0.1824093066980616,2006,2,5.107460587545725,20.6582860475095,14.38409466760595,-0.1042470693354793,0.04892002108203174,13.181280418017625,15.550825459963775
2006-03-01,0.17614789530611738,2006,3,5.460584754489639,16.040783999379475,14.258952421027061,-0.20356890016717025,0.0461575330996355,13.25611802964177,10.580199244889837
2006-04-01,0.1604754421580436,2006,4,4.814263264741308,20.135432991221222,14.26405494448386,-0.08025171676069617,-0.010814026641762679,12.649763698835818,15.321169726479914
2006-05-01,0.24573363184663236,2006,5,7.617742587245603,16.44558270798019,14.197887046032804,-0.44426745038182464,0.17411936018155924,12.248079361331735,8.827840120734587
2006-06-01,0.2517375646063497,2006,6,7.552126938190492,19.643142765419384,13.637081782673476,-0.5490882883081238,0.2718168289172949,12.372373017952341,12.091015827228892
2006-07-01,0.3122288866881764,2006,7,9.679095487333468,19.443603728559218,13.597870881777112,-0.6486196370602638,0.326181022221525,12.496337635513003,9.76450824122575
2006-08-01,0.35776042027981597,2006,8,11.090573028674296,24.70330203913072,13.881845434772288,-0.6544890185329059,0.2978805969075583,13.941922859754104,13.612729010456423
2006-09-01,0.3636984950968529,2006,9,10.910954852905588,28.377545924613393,14.135731012109716,-0.5125736461320233,0.16839539562445727,14.077819007527742,17.466591071707803
2006-10-01,0.17687383714275148,2006,10,5.483088951425296,18.815727204101034,14.54205075495264,0.015162271846820648,-0.1190490504756558,13.550602607649893,13.332638252675737
2006-11-01,0.1377486896107987,2006,11,4.1324606883239605,26.09886756804002,14.151172519817067,-0.015533580184436839,-0.11970372314668944,12.28658223109564,21.96640687971606
2006-12-01,0.13909609389495273,2006,12,4.311978910743535,27.018783829889394,14.180199142753224,-0.1129946120868841,-0.012816254403383374,11.246523176803395,22.70680491914586
2007-01-01,0.2635174509865721,2007,1,8.169040980583734,20.74900808893557,14.797490741529316,-0.35894626378364536,0.16828717128092494,13.64630116244152,12.579967108351838
2007-02-01,0.23631018880549381,2007,2,6.616685286553826,15.389985138543475,14.399607976789582,-0.11450233953378623,0.0156448990148736,14.968517144380368,8.773299851989648
2007-03-01,0.19108025894107114,2007,3,5.923488027173206,20.505544273053427,14.298027370777845,-0.2550932024342622,0.08508219411279488,12.904748131432925,14.58205624588022
2007-04-01,0.18523658695909517,2007,4,5.557097608772855,23.554212930750882,14.53457103468179,-0.21584569926672273,0.04575272641987655,13.02068771754978,17.99711532197803
2007-05-01,0.18685038086541705,2007,5,5.792361806827929,29.082134787430352,14.33777264140656,-0.3059090650739224,0.09042220167023693,11.663756570122944,23.28977298060242
2007-06-01,0.25770655248562013,2007,6,7.731196574568604,16.674318802090585,13.556149303281416,-0.5925589226208162,0.3036562889837075,12.052274222173866,8.943122227521982
2007-07-01,0.30179517344878487,2007,7,9.355650376912331,15.099241045054137,13.705675232577676,-0.5279758533473217,0.20981909445068572,13.489646055053852,5.743590668141806
2007-08-01,0.3060364907752159,2007,8,9.487131214031692,16.17377105380084,13.48229443165468,-0.4872429336898151,0.20174117996752056,13.633000006528125,6.68663983976915
2007-09-01,0.35954234243255195,2007,9,10.786270272976559,16.365950696091822,13.875577419406682,-0.49770697804429087,0.1978614193066823,14.182030733441255,5.5796804231152635
2007-10-01,0.15091447061178964,2007,10,4.678348588965479,18.137006001004945,13.97190217196703,0.09266508988749925,-0.15215866019139276,12.683508098007307,13.458657412039466
2007-11-01,0.148240536597239,2007,11,4.4472160979171695,20.49531444308588,14.041433935297164,0.04303325754347654,-0.14023727852376522,12.521536643673153,16.04809834516871
2007-12-01,0.11316297775218374,2007,12,3.508052310317696,20.999870558110402,13.629118016292523,0.2930988866477935,-0.27933462342374427,11.626853776085296,17.491818247792708
2008-01-01,0.1394993271867361,2008,1,4.324479142788819,16.651614171164105,13.721432181009618,0.06070183436560076,-0.03853673325855004,11.886279282776629,12.327135028375286
2008-02-01,0.135776491607038,2008,2,3.9375182566041023,19.212218075948456,13.544280259770744,0.04956785315541729,-0.03758314911111135,12.509014211946468,15.274699819344354
2008-03-01,0.13101844642877927,2008,3,4.061571839292157,17.17073622944259,13.709928171363003,-0.017713778037887946,-0.03284475876267878,13.169553324883037,13.109164390150433
2008-04-01,0.1402162442134758,2008,4,4.206487326404274,21.62119137300944,14.029206741062353,-0.0431583872714067,-0.02925003445222396,13.105612769448372,17.414704046605166
2008-05-01,0.16276330427156555,2008,5,5.045662432418532,19.310275027155775,13.965847776328133,-0.24428514603652263,0.08485125571881684,12.000828063975629,14.264612594737244
2008-06-01,0.22388440203513685,2008,6,6.716532061054106,18.613285505089237,13.735794206174546,-0.4933616898418083,0.1980060662062173,12.041138760308996,11.89675344403513
2008-07-01,0.2425593179492763,2008,7,7.519338856427565,24.756031688007422,13.207088251895186,-0.5660504783254338,0.24416540320401306,12.238012059405937,17.23669283157986
2008-08-01,0.2714951375395097,2008,8,8.4163492637248,23.116979989553315,13.551172338192544,-0.4393256520202922,0.13352955050443027,13.467736923947339,14.700630725828514
2008-09-01,0.30045222428601076,2008,9,9.013566728580322,19.46060833077025,13.993912795059316,-0.4136404984405387,0.1342002218896216,14.027031877499471,10.447041602189927
2008-10-01,0.17604622498572997,2008,10,5.457432974557629,22.159580226419816,14.001959929447082,-0.08638334414370359,-0.07156149480589559,13.209051736476665,16.702147251862186
2008-11-01,0.13003566636562752,2008,11,3.901069990968826,14.30569367624605,14.109607702924905,0.30937929851759005,-0.30724669255080367,12.660670565553263,10.404623685277222
2008-12-01,0.12024338742968436,2008,12,3.7275450103202155,17.070378839816957,13.877722840676995,0.32939434051513666,-0.30370699496824854,11.81415089696442,13.342833829496742
2009-01-01,0.14640199064072318,2009,1,4.5384617098624185,19.50390541468732,13.897442932095714,-0.009049706640109692,-0.058658209190497315,12.356607633336962,14.965443704824903
2009-02-01,0.17673892360199234,2009,2,4.948689860855786,20.009568691731527,14.04014418328785,-0.08141726314431365,-0.0027260010941038662,13.12208524273746,15.06087883087574
2009-03-01,0.15673652491386175,2009,3,4.858832272329714,17.535751917954755,14.249357038358255,-0.06762378517477108,-0.02564120393831287,12.73239469518415,12.676919645625041
2009-04-01,0.18968616239322855,2009,4,5.690584871796856,14.66787972751787,14.497081528066985,-0.16494405481037383,0.009685242530142902,13.244476806441083,8.977294855721013
2009-05-01,0.21529518312520848,2009,5,6.674150676881463,21.71002639626359,14.386823658283788,-0.30227227221893527,0.10643202808966583,13.125429362202153,15.035875719382126
2009-06-01,0.24405293024979186,2009,6,7.321587907493756,18.103358253871598,14.040878994173625,-0.5153719332697808,0.22001569391191877,12.203593162006307,10.781770346377842
2009-07-01,0.2896812731481947,2009,7,8.980119467594035,16.716028467844918,13.831978598129751,-0.6423828793018198,0.3071843315268118,12.701958217821783,7.735909000250883
2009-08-01,0.2961632407118044,2009,8,9.181060462065936,24.695363329440195,14.096164188461728,-0.522637006468903,0.21066488995021324,12.89538347731476,15.514302867374258
2009-09-01,0.38426266144699295,2009,9,11.527879843409789,16.71114597991352,14.531561520356206,-0.5316327597964978,0.20472137630472198,14.53776483188547,5.1832661365037325
2009-10-01,0.20346089849617918,2009,10,6.307287853381554,17.139555668374157,14.619512896620279,-0.07389155337969006,-0.05713203456323741,13.57880642551647,10.832267814992603
2009-11-01,0.1637980548023504,2009,11,4.913941644070512,16.74519331445939,14.782559407972713,0.05844284616270492,-0.15143399627174203,13.144905945163748,11.831251670388877
2009-12-01,0.16009204013357076,2009,12,4.962853244140693,24.720350762086863,14.622073871279213,-0.1070119097006878,-0.044100956070631914,11.900717143727556,19.75749751794617
2010-01-01,0.2810244956487932,2010,1,8.71175936511259,22.433436003220866,14.75552364445241,-0.36561416337103814,0.16569496568171996,14.23493256315961,13.721676638108276
2010-02-01,0.25082968843242737,2010,2,7.023231276107966,21.157302196654193,15.382076921443229,-0.31008476765341786,0.12380096938583875,13.399299386573817,14.134070920546227
2010-03-01,0.2852271105958544,2010,3,8.842040428471487,27.042558013602342,15.490499059788931,-0.36424696493454894,0.1300930384906847,13.630848003787673,18.200517585130854
2010-04-01,0.17213847025799867,2010,4,5.16415410773996,28.552035166149768,15.161762174212527,-0.25055673091018066,0.08111370874429188,11.710997546077683,23.387881058409807
2010-05-01,0.17530003971572272,2010,5,5.434301231187405,23.207387698780984,15.070260249895227,-0.22120156587499645,0.04740276643804727,11.62660590316614,17.77308646759358
2010-06-01,0.23532566626376042,2010,6,7.059769987912812,17.260358281110978,14.122406928259863,-0.4716912350422694,0.20005863626741788,12.105122743118267,10.200588293198166
2010-07-01,0.21489198108788074,2010,7,6.661651413724303,18.133680901299723,13.739081196042605,-0.37441985950339224,0.11106214698672803,12.11614344228049,11.47202948757542
2010-08-01,0.31516333179476663,2010,8,9.770063285637766,16.61671958484575,13.78059628864014,-0.5024818842305464,0.22534006955301703,13.799846586225653,6.846656299207984
2010-09-01,0.2811510386109396,2010,9,8.434531158328188,15.807494506284016,14.174432361425659,-0.2387813380929024,0.022534655352150348,14.348847178943734,7.372963347955828
2010-10-01,0.1523910737433934,2010,10,4.724123286045195,15.039870985168536,14.174054915994986,0.12266562265432014,-0.16313097726246858,13.019951645119033,10.31574769912334
2010-11-01,0.12133521351182247,2010,11,3.6400564053546742,16.965375754325418,13.720404996053219,0.4423159745712038,-0.3372966445526066,11.070878342508976,13.325319348970744
2010-12-01,0.10101380376691517,2010,12,3.13142791677437,23.456212807961517,13.520163908846314,0.2543846908999326,-0.2562616144063462,11.218725107387662,20.324784891187146
2011-01-01,0.14465955473982964,2011,1,4.4844461969347185,21.888516663232554,13.732791113456585,0.01367802298791438,-0.08405677289882871,12.670698270699598,17.404070466297835
2011-02-01,0.11607183129599527,2011,2,3.2500112762878675,15.06943054166341,13.8837613051507,0.14462864213482157,-0.12214519497412046,11.665948003264061,11.819419265375542
2011-03-01,0.11896944886152114,2011,3,3.6880529147071552,16.028486002751027,13.884703239446708,0.19533001093801663,-0.1621233904119182,13.488065430400662,12.340433088043872
2011-04-01,0.1268243355976849,2011,4,3.8047300679305476,21.56344678875888,14.137278358908475,-0.0182098275156512,-0.04733780379550085,12.061220174083342,17.758716720828332
2011-05-01,0.18233955670349455,2011,5,5.652526257808331,14.365754929708695,14.412697781531847,-0.24786021558728186,0.07935170397874183,12.208341202045478,8.713228671900364
2011-06-01,0.2092684379703075,2011,6,6.278053139109225,19.365714284129957,14.043314679415232,-0.47714179618718394,0.18651838450991612,11.693885231204439,13.087661145020732
2011-07-01,0.2204023614112139,2011,7,6.832473203747631,22.52060715985347,13.463516189862503,-0.5049585599321339,0.23157763706821954,11.775311738004572,15.688133956105839
2011-08-01,0.3007986197142547,2011,8,9.324757211141895,16.060476020723325,13.730559174802579,-0.5601654349493004,0.2098070457391259,13.661608041997605,6.73571880958143
2011-09-01,0.2880660995763298,2011,9,8.641982987289893,19.760425293730993,13.83640653734534,-0.4603968166757649,0.13339698697288227,14.014212371982866,11.1184423064411
2011-10-01,0.1258276678827158,2011,10,3.9006577043641895,17.298782098891756,13.931084149198512,0.3219817636477623,-0.30599738749725214,12.752698791645274,13.398124394527567
2011-11-01,0.14193168437744216,2011,11,4.257950531323265,11.246738235438738,14.125430617271775,0.3643980696546073,-0.3392942941379475,13.146624732238056,6.988787704115473
2011-12-01,0.12634827624393402,2011,12,3.9167965635619546,19.023308759933578,13.935371528586472,0.09028540642291852,-0.1421337852980235,11.556886920248067,15.106512196371623
2012-01-01,0.12713888766842277,2012,1,3.941305517721106,22.4126061879631,13.83091342640887,0.05863288717111144,-0.049388348323426506,11.897505544336852,18.471300670241995
2012-02-01,0.13734961957156117,2012,2,3.983138967575274,18.810086059094687,13.683028400492958,-0.01820658029143931,-0.03884400481978507,12.578019703405506,14.826947091519413
2012-03-01,0.19826481272998742,2012,3,6.14620919462961,18.223505381723328,14.207013276139264,-0.3887157485840721,0.20486943665480487,12.853334785231477,12.077296187093719
2012-04-01,0.13712270063301468,2012,4,4.113681018990441,20.21534122778836,14.263565295238834,-0.10269493092236119,-0.019640178989629976,12.43243561309977,16.10166020879792
2012-05-01,0.23132054718411646,2012,5,7.17093696270761,24.69649791141993,14.083750799148163,-0.5547196705029275,0.24022854255159115,12.292360230225219,17.525560948712318
2012-06-01,0.28836995366098184,2012,6,8.651098609829456,19.614830317508833,13.865006359118183,-0.640847758232036,0.30609496899728167,12.996820672179307,10.963731707679377
2012-07-01,0.31975565754041524,2012,7,9.912425383752872,16.51769589340065,13.665492738124613,-0.6869085485379306,0.3566128043144756,12.661074322489393,6.605270509647777
2012-08-01,0.36208648464621496,2012,8,11.224681024032664,19.977102778342,13.61862937936371,-0.5740599414882303,0.27589213473274654,13.786013250571209,8.752421754309337
2012-09-01,0.3785023388828165,2012,9,11.355070166484495,14.557563997222084,13.866058050111349,-0.5853189993003237,0.2724926079750165,14.775455260988585,3.2024938307375894
2012-10-01,0.1724479030618937,2012,10,5.345884994918705,13.124630080309725,14.152823073871048,-0.011758494384918411,-0.13540240748379195,13.090261954268271,7.77874508539102
2012-11-01,0.14314301575752733,2012,11,4.2942904727258195,22.86706567803808,14.37916543292539,0.09187681585981565,-0.18180406325764342,13.093139552388209,18.57277520531226
2012-12-01,0.1464320943013371,2012,12,4.53939492334145,16.94429711672244,14.117434065495729,0.04043822308746731,-0.13379679212838927,12.612911350451528,12.404902193380988
2013-01-01,0.2322897241141647,2013,1,7.200981447539106,14.966833567572161,14.600903726726528,-0.3320502311383636,0.12716778639078577,12.778578139484273,7.765852120033055
2013-02-01,0.16160136581293758,2013,2,4.524838242762252,21.99465371111159,14.247167774839966,-0.08492265677843787,0.006242013914049953,11.948334616690241,17.46981546834934
2013-03-01,0.19146074070793695,2013,3,5.935282961946045,21.999545510305694,14.727807388081544,-0.2532452200535863,0.09135670828463889,12.694524400840494,16.06426254835965
2013-04-01,0.22659375694412986,2013,4,6.797812708323896,23.413398020199992,14.750127807258536,-0.32528021317184097,0.12736211701402364,12.909329345011425,16.615585311876096
2013-05-01,0.17698637353940558,2013,5,5.486577579721573,23.497515076456473,14.33586993964036,-0.24709168462054973,0.0650049763059943,11.768619009030573,18.0109374967349
2013-06-01,0.28522661062896987,2013,6,8.556798318869095,14.609818514512355,13.98795945839197,-0.5621361654142784,0.2615893592954837,12.783514917854422,6.05302019564326
2013-07-01,0.2951127376080393,2013,7,9.148494865849218,16.54798997057879,13.406223647169838,-0.6493228427371059,0.34053537991137434,12.631810877815251,7.3994951047295725
2013-08-01,0.2911615363073938,2013,8,9.026007625529207,15.04075029777612,13.620229950133705,-0.5173320670652383,0.22646896801009397,12.906888536611898,6.014742672246912
2013-09-01,0.34370145164447047,2013,9,10.311043549334114,16.741311127571677,14.094684889453731,-0.4678783379393813,0.14721133911029882,13.994410863186896,6.430267578237563
2013-10-01,0.24246836958324053,2013,10,7.516519457080457,17.324450258265525,14.27338498260491,-0.24235902472271798,-0.006468592654010188,13.716320337758662,9.80793080118507
2013-11-01,0.12284766674773372,2013,11,3.6854300024320117,12.659715770408674,14.121521320826616,0.23172065075768591,-0.25674213552200004,12.514561334566425,8.974285767976662
2013-12-01,0.16790295654989154,2013,12,5.204991653046638,15.625217177208883,14.200322925516616,-0.08060286823547054,-0.05612287209039414,12.630979191165268,10.420225524162245
2014-01-01,0.1631852760633911,2014,1,5.058743557965124,24.463986502686396,14.268608608086083,-0.13499383124313208,0.06453402503350526,11.81817640691981,19.405242944721273
2014-02-01,0.17971367350484133,2014,2,5.0319828581355575,19.69801443853963,14.350803990924874,-0.12504848952963174,0.050266775961942234,12.572769187030792,14.666031580404074
2014-03-01,0.1429116597568438,2014,3,4.430261452462158,17.393230836415412,14.290484624785222,-0.07761970431199465,0.020461185390159897,12.382357301272986,12.962969383953254
2014-04-01,0.24532233804879294,2014,4,7.359670141463789,19.226706488140234,14.597614095499125,-0.4845224765864332,0.2265777017200957,13.094247068654116,11.867036346676446
2014-05-01,0.165044326515167,2014,5,5.1163741219701775,21.39539286952115,14.443293825128194,-0.27078815923397553,0.08646614706408615,11.818032141225107,16.27901874755097
2014-06-01,0.258531646399585,2014,6,7.755949391987549,22.27366101939927,14.193332891015018,-0.6799574749161844,0.3343871650699951,12.178695781743007,14.517711627411721
2014-07-01,0.32038939503302,2014,7,9.93207124602362,27.344346138738715,13.979527776288819,-0.7358847947961655,0.4338697450696131,12.930408209335216,17.412274892715097
2014-08-01,0.3244469464322547,2014,8,10.057855339399895,25.135712040935008,13.620822607411299,-0.6254890351829325,0.3003399285200357,13.419119273419646,15.077856701535113
2014-09-01,0.31523332007082294,2014,9,9.456999602124688,20.207030636027156,13.979445550491164,-0.4712488653610275,0.1386171912047098,14.070832129895244,10.750031033902468
2014-10-01,0.21156129136065696,2014,10,6.558400032180366,21.31740036316212,14.284083503836882,-0.1772900923669902,-0.013016857009836267,13.3213824936491,14.759000330981753
2014-11-01,0.12968129883340904,2014,11,3.890438965002271,14.9070676218606,14.36515463550029,0.10577649575246842,-0.16602968253919187,12.521253549776956,11.016628656858328
2014-12-01,0.16791005572332915,2014,12,5.205211727423204,25.257067876672856,14.338159744151426,-0.10164598837055486,-0.030209566742431512,12.505768516809924,20.05185614924965
2015-01-01,0.22521281056415737,2015,1,6.981597127488879,20.71536603162828,14.223206985202978,-0.36573992760211776,0.1732314309751153,12.96107009161136,13.733768904139403
2015-02-01,0.19197930707368696,2015,2,5.375420598063235,14.026124920336091,14.596630251414012,-0.09346989326697026,0.006140250296370154,13.334465374605593,8.650704322272857
2015-03-01,0.163863281459546,2015,3,5.079761725245926,13.539759187095395,14.610097050015725,-0.10144715842997312,0.025468182140952544,12.646981160904689,8.459997461849468
2015-04-01,0.23091022998214905,2015,4,6.9273068994644715,24.199822664326454,14.669071466211278,-0.4583572566788106,0.20473650269378138,13.042712640844302,17.272515764861982
2015-05-01,0.25115579916090014,2015,5,7.7858297739879045,24.50031112628741,14.728961359944833,-0.5499277194764718,0.24300351317721858,12.744898633880966,16.714481352299508
2015-06-01,0.2987298397161569,2015,6,8.961895191484707,20.772296804763073,14.28018578886406,-0.773314541798138,0.438484608082942,12.91398316352954,11.810401613278366
2015-07-01,0.288847289278936,2015,7,8.954265967647016,25.836995867291925,14.145340536260903,-0.6766407923760163,0.330711675720082,12.485424604504404,16.882729899644907
2015-08-01,0.3447011884651658,2015,8,10.68573684242014,26.188405677605132,14.222579551964941,-0.6763600483382698,0.3266126069056561,13.271047548471328,15.502668835184993
2015-09-01,0.40548314531436275,2015,9,12.164494359430883,22.53157782215142,14.653636961177313,-0.5797456665171877,0.22591405324196084,14.376920860088592,10.367083462720537
2015-10-01,0.26181589690837503,2015,10,8.116292804159626,25.61393510813123,14.79217291989579,-0.3784550296483368,0.11376794649667231,13.003820460738597,17.497642303971602
2015-11-01,0.18359467411870073,2015,11,5.507840223561022,20.918933529254303,14.899300126445326,-0.15708867100970997,0.001394487156233445,12.59450724121423,15.411093305693282
2015-12-01,0.3291969013032697,2015,12,10.20510394040136,28.688197561947717,15.054998495736811,-0.6231510490033147,0.3048824700031897,12.884126832771189,18.48309362154636
2016-01-01,0.16938521784517152,2016,1,5.250941753200317,24.632350762018024,15.367485410133895,-0.07279647347354068,-0.0007295335627084335,12.359490398433248,19.381409008817705
2016-02-01,0.26845833726108037,2016,2,7.785291780571331,15.984266502495778,15.651935851074597,-0.34443341996980786,0.1706832022029315,13.142103797628113,8.198974721924447
2016-03-01,0.21551584918037436,2016,3,6.680991324591606,16.548805670744343,15.617155434462404,-0.2813911570803331,0.06880582978164858,12.924361334811225,9.867814346152738
2016-04-01,0.18614781187173568,2016,4,5.58443435615207,17.47077612320062,15.3908613188147,-0.2124644542931083,0.05400926220366434,12.586545169404854,11.886341767048549
2016-05-01,0.2417387122212432,2016,5,7.493900078858539,24.46006657713157,15.194183006946503,-0.4791118443148425,0.21870712356642094,12.274700870416714,16.966166498273033
2016-06-01,0.2725215178632668,2016,6,8.175645535898003,19.952531133439475,14.13336718811098,-0.6066581301481105,0.31041341496686425,12.283623004896095,11.776885597541472
2016-07-01,0.27162711705628373,2016,7,8.420440628744796,20.80482323352908,13.659849413366544,-0.6086971254735785,0.28405025165911896,12.077366724839514,12.384382604784285
2016-08-01,0.36672457325672536,2016,8,11.368461770958486,13.219042682711402,14.11300811684572,-0.6333855834519329,0.3112749513325811,13.885065891415515,1.8505809117529157
2016-09-01,0.33350478943805323,2016,9,10.005143683141597,25.379754168499915,14.317633045351386,-0.4507785747728544,0.11600507303104475,14.01618383497443,15.374610485358318
2016-10-01,0.20026630103574597,2016,10,6.208255332108125,15.222862909955994,14.651618791666749,-0.026206246684106142,-0.1082249943261411,13.698432456418809,9.014607577847869
2016-11-01,0.159263042430759,2016,11,4.77789127292277,11.340311065463212,14.793296184919598,0.16794464043675456,-0.23646358234321255,13.894472568599719,6.5624197925404415
2016-12-01,0.16139359213943033,2016,12,5.00320135632234,18.87968114247497,14.521222341863563,0.045894757589257804,-0.1222122570283134,12.789708552714611,13.876479786152629
2017-01-01,0.13953599145355605,2017,1,4.3256157350602376,18.703186433126763,14.11679111779955,-0.008719868037921397,-0.06640399608709593,12.005103750408002,14.377570698066526
2017-02-01,0.14079996512518247,2017,2,3.9423990235051094,14.56911848447482,14.444226885718706,0.06298171769624539,-0.11675075202703654,13.636163481666848,10.626719460969712
2017-03-01,0.12363912864962973,2017,3,3.8328129881385213,20.181754734370028,14.532802994094823,-0.05044750829552841,-0.017090123387937396,12.083264780104175,16.348941746231507
2017-04-01,0.21559608062647403,2017,4,6.467882418794221,17.92571955948843,14.853181921542046,-0.33134814422079484,0.11478109466615827,13.336768978348381,11.45783714069421
2017-05-01,0.18570721258223244,2017,5,5.7569235900492055,18.675175361944213,14.728120084514956,-0.3207143092100981,0.09274851434081129,12.593215854422803,12.918251771895008
2017-06-01,0.21779935960523725,2017,6,6.533980788157117,21.876298889235102,14.32682282081845,-0.459769562737958,0.17464128234235726,12.155677120879119,15.342318101077986
2017-07-01,0.31478860496740707,2017,7,9.758446753989618,21.821096874685153,13.755509728755612,-0.6732418481367947,0.359819077288491,12.901491835926448,12.062650120695535
2017-08-01,0.3124377492674519,2017,8,9.685570227291008,19.150980580315164,13.999554535997902,-0.5037730568421054,0.18002823130400394,13.937295300837775,9.465410353024156
2017-09-01,0.3654971815188574,2017,9,10.964915445565723,20.963886989564518,14.523712258810463,-0.4385173491717759,0.14679714417045128,14.206948615235012,9.998971543998795
2017-10-01,0.23599435434718102,2017,10,7.315824984762612,16.499544499587888,14.575872990667676,-0.23738399894099252,-0.0033416786438725593,13.320929336998745,9.183719514825276
2017-11-01,0.1568437784850525,2017,11,4.705313354551574,11.276901956037094,14.520388807890981,0.15763389816508291,-0.2211368301594144,13.477445684691544,6.571588601485519
2017-12-01,0.16865733813359143,2017,12,5.228377482141334,17.20427760017443,14.444707408909608,0.023189123301235716,-0.10904995778506836,13.231476972255463,11.975900118033096
2018-01-01,0.16588329587214953,2018,1,5.142382172036635,19.575879962858256,13.894705132459649,-0.16967065554035585,0.011285829175713176,12.282518893700356,14.43349779082162
2018-02-01,0.15110407455442945,2018,2,4.230914087524025,12.808960067341976,14.49354160189722,0.19526788949992374,-0.08427417899563318,13.013247032749426,8.57804597981795
2018-03-01,0.24142939727754242,2018,3,7.484311315603815,14.276843726350007,14.655558031265059,-0.26833216138301613,0.10510446405063159,13.854116788311936,6.792532410746192
2018-04-01,0.15767083645618143,2018,4,4.730125093685443,18.87944470658405,14.351739463768808,-0.09134985824467089,-0.029849298448327066,12.694675849200303,14.149319612898607
2018-05-01,0.18752984186781144,2018,5,5.8134250979021544,23.825756229047006,14.411171653597307,-0.327110119839252,0.10160430063167365,12.47500576368186,18.01233113114485
2018-06-01,0.2486491269014672,2018,6,7.4594738070440165,18.864461368171668,13.939700276542169,-0.57306394472227,0.28260803554693875,11.913688459362413,11.404987561127651
2018-07-01,0.29117420761412127,2018,7,9.02640043603776,14.442834366259943,13.770656906690817,-0.6367005975030346,0.303717876671318,12.806410197584592,5.416433930222183
2018-08-01,0.3577140929521219,2018,8,11.08913688151578,17.682160224986,13.723440784516185,-0.6829288477685451,0.33286863934447697,13.971632678925033,6.59302334347022
2018-09-01,0.3260726596031829,2018,9,9.782179788095487,20.505232233840957,14.193301973331472,-0.42962374192770036,0.13684049595324496,14.646695292697595,10.72305244574547
2018-10-01,0.19064436020604417,2018,10,5.909975166387369,8.741168088594716,14.824399200163896,0.11199951825574066,-0.20366360642888987,14.414545189212356,2.8311929222073466
2018-11-01,0.13196343888874829,2018,11,3.9589031666624486,23.273268460369934,14.851775878335161,0.07066878477645873,-0.14663528516676227,11.684630138831462,19.314365293707485
2018-12-01,0.22761052888207392,2018,12,7.055926395344292,20.46361281511101,14.299259632132589,-0.32544498310788467,0.13233996719079782,13.228320198455005,13.407686419766717
2019-01-01,0.21485116253325381,2019,1,6.660386038530868,17.72807268989307,14.543488927780402,-0.22358964304321668,0.10832866539621543,12.924567931019473,11.067686651362203
2019-02-01,0.22692123641452083,2019,2,6.3537946196065835,17.613804804256638,15.057167501639526,-0.2599187708175969,0.11453347293794404,12.946783967141766,11.260010184650055
2019-03-01,0.20842485755694976,2019,3,6.461170584265442,16.560293693306487,15.094129075071237,-0.299592553953159,0.1029255924799693,12.909070475845931,10.099123109041045
2019-04-01,0.1929469524482804,2019,4,5.788408573448412,17.962958676237914,15.09677709671405,-0.16728288073389797,0.04812536581000208,12.858880347296266,12.174550102789503
2019-05-01,0.21631814128739993,2019,5,6.705862379909398,24.486245070966493,14.822077114954823,-0.37229616459637,0.13782495949605827,12.173367565009247,17.780382691057095
2019-06-01,0.26297930627978416,2019,6,7.889379188393525,20.407545094061014,14.545370091926088,-0.6014871613891921,0.2945085586109562,12.512797934283538,12.51816590566749
2019-07-01,0.2950263195575613,2019,7,9.145815906284401,21.37793240426945,13.865883053001482,-0.6417672344370048,0.31802579972938794,12.645361583070393,12.23211649798505
2019-08-01,0.4161321706795354,2019,8,12.900097291065597,19.08514581711156,13.853101765999327,-0.7604714139295653,0.4053386302861252,14.606228397998038,6.1850485260459624
2019-09-01,0.34047036331844666,2019,9,10.2141108995534,12.9624545470522,14.350062456277328,-0.4425274134330763,0.1404663030321198,14.094993418097955,2.7483436474987997
2019-10-01,0.22677610283283786,2019,10,7.030059187817974,22.804641106125597,14.189333692062405,-0.2709028928638633,0.041779942305507564,13.059516680646315,15.774581918307623
2019-11-01,0.150106136210044,2019,11,4.50318408630132,18.05647762921528,14.643460584052661,-0.0031455890513156165,-0.12189219184985887,12.17064230268741,13.55329354291396
2019-12-01,0.18423295101524653,2019,12,5.711221481472642,20.4464681767831,14.751895198711907,-0.16308007039516406,-0.014005986200091344,12.544838433249916,14.735246695310458
2020-01-01,0.17590508237933883,2020,1,5.453057553759503,17.734750287547023,14.938765906063225,-0.07122214664612382,-0.01343773628212446,13.244194590795344,12.28169273378752
2020-02-01,0.2244394703091356,2020,2,6.508744638964933,17.104271349037397,15.157076178675084,-0.23830700761124535,0.10874099065294826,13.300400676531385,10.595526710072464
2020-03-01,0.18240461589745127,2020,3,5.654543092820989,10.792173730636117,15.223215088581242,-0.0452496726084114,0.006923534628642203,13.731017451277062,5.1376306378151275
2020-04-01,0.1930424767559018,2020,4,5.791274302677055,21.98808024451759,14.932740226698286,-0.2832972527899195,0.09987184430943036,12.525443489065385,16.196805941840537
2020-05-01,0.2131269709090602,2020,5,6.606936098180865,20.576909548195914,15.091460750987778,-0.4167211744474283,0.1856265804243871,12.026318298335324,13.969973450015049
2020-06-01,0.23452131715676516,2020,6,7.035639514702955,15.950818254886245,14.366741107952748,-0.47889464345879496,0.20433325814728684,11.888271325427047,8.91517874018329
2020-07-01,0.25005355593206086,2020,7,7.751660233893887,16.457878371909647,13.904360177309059,-0.49175059296026175,0.20846604818411146,12.492900677619406,8.70621813801576
2020-08-01,0.29015082675109893,2020,8,8.994675629284067,10.138165139921254,14.15039229946575,-0.4641943369087099,0.14979117132740355,13.772552094005002,1.1434895106371865
2020-09-01,0.30250214115708757,2020,9,9.075064234712627,15.666883903993249,14.21636844286786,-0.4383318031227195,0.14253082997572453,14.284760659490262,6.591819669280621
2020-10-01,0.2763577523382027,2020,10,8.567090322484283,13.477052740149986,14.452363427877856,-0.284179129573028,0.04772418124568613,14.336126992253378,4.909962417665703
2020-11-01,0.1624365349456433,2020,11,4.873096048369299,10.661610916988211,14.624870253973768,0.16119342223304287,-0.20513623531981964,13.297720571646177,5.788514868618912
2020-12-01,0.13728576291767358,2020,12,4.255858650447881,24.32624862862102,14.132956191938604,-0.030411942533564225,-0.04381560584093094,11.571931299532151,20.07038997817314
2021-01-01,0.18134878466778812,2021,1,5.621812324701431,22.945408781248467,14.032864618617907,-0.19460842313943907,0.07671254442015955,12.86123301904036,17.323596456547037
2021-02-01,0.15896515938651637,2021,2,4.451024462822458,19.258218941356755,14.513809122088276,-0.07833378339096533,0.009789449425934868,12.626494543792834,14.807194478534297
2021-03-01,0.1322329791986131,2021,3,4.099222355157006,18.336546869958518,14.212210820463326,-0.037907272411915466,-0.015216128453377211,12.131022976294746,14.23732451480151
2021-04-01,0.18405012460807058,2021,4,5.521503738242117,25.57682726695673,14.471954482834747,-0.3415947710646728,0.13996910169508262,12.093695271026007,20.055323528714613
2021-05-01,0.19904192528844003,2021,5,6.170299683941641,17.888061621237448,14.629041704085182,-0.3097945210101257,0.10693618053062322,12.738730862582964,11.717761937295807
2021-06-01,0.19463706111297369,2021,6,5.839111833389211,20.771629747568422,13.906527069792276,-0.4407611343056731,0.17649448881625554,11.509063032967031,14.932517914179211
2021-07-01,0.2693624465576671,2021,7,8.350235843287681,14.519038104298922,13.809281233238778,-0.6159978034822898,0.318714424285208,12.683136063975628,6.1688022610112405
2021-08-01,0.26720795189404695,2021,8,8.283446508715455,15.786729698902741,13.818697649287799,-0.5207066021810196,0.21305773310349505,13.60050283929931,7.503283190187286
2021-09-01,0.2844079664115025,2021,9,8.532238992345075,19.245408385080673,13.979927625958055,-0.4726762394951265,0.16585969286791943,13.659789777863107,10.713169392735598
2021-10-01,0.18588177007868126,2021,10,5.762334872439119,19.364325653166322,14.420944432348051,-0.15944231099940237,-0.04268718271646671,13.261514321377142,13.601990780727203
2021-11-01,0.12398797820752867,2021,11,3.7196393462258603,20.420340335240684,14.296860326593276,0.1929248338321024,-0.19883029316418735,11.917667495158303,16.700700989014823
2021-12-01,0.13830617711089557,2021,12,4.287491490437763,18.575893104488244,14.56037345938529,0.08729847148587715,-0.1525058499384906,12.088719253835272,14.288401614050482
2022-01-01,0.14163870604706394,2022,1,4.390799887458982,17.03293000963902,14.173424874601437,0.0872603876003696,-0.10747731003041705,12.654413516918721,12.642130122180038
2022-02-01,0.1349137208992446,2022,2,3.777584185178849,16.949684764866543,14.038893407515047,0.03029668750084339,-0.005562687760636238,11.69999535893809,13.172100579687694
2022-03-01,0.1233696099729841,2022,3,3.8244579091625073,16.939743349031236,14.297136811003327,0.006784203340200292,-0.06622772073605648,12.206536788522737,13.115285439868728
2022-04-01,0.16619373719305058,2022,4,4.985812115791518,23.074400802064567,14.429571511952815,-0.23092017880903465,0.07946749774250933,12.045797575671855,18.08858868627305
2022-05-01,0.19416129761970738,2022,5,6.019000226210928,25.63312370645329,14.372969808403127,-0.43316412838456575,0.17001668180686294,12.021301398324447,19.614123480242363
2022-06-01,0.18622560161213328,2022,6,5.586768048363998,18.00314417211203,13.574976879223925,-0.33320733982335626,0.10606100686083368,12.031863180067456,12.416376123748032
2022-07-01,0.23034217758305575,2022,7,7.140607505074728,11.990300474244936,13.695393933223727,-0.4658716015218586,0.20582349654990323,12.506501063431617,4.849692969170208
2022-08-01,0.28717066924780954,2022,8,8.902290746682096,14.64495101462029,13.629658258110396,-0.5025731986241635,0.20268361211251074,13.734109593297791,5.742660267938193
2022-09-01,0.25231595416680364,2022,9,7.569478625004109,7.609140743929065,14.110913052401713,-0.33182970326531247,0.09281273207769804,4.712428895748898,0.03966211892495597
2022-10-01,0.11856922033982802,2022,10,3.6756458305346684,4.744369052147841,14.326867544626452,0.05203371127870192,-0.12925162101100623,4.4800552170313725,1.068723221613173
2022-11-01,0.10132938463837304,2022,11,3.0398815391511915,3.5315710909912443,14.247066136462877,0.13554838720310647,-0.1869717863487764,4.406542114242193,0.4916895518400528
2022-12-01,0.10728604675499216,2022,12,3.325867449404757,8.855776538963323,13.867481797564551,-0.03642870772586604,-0.0766597121496764,3.9698621029267764,5.529909089558565
2023-01-01,0.09599746642157231,2023,1,2.9759214590687417,8.444062026966186,13.803811542576057,-0.07782256446301308,-0.017238808487564334,3.8338994379284075,5.468140567897445
2023-02-01,0.15116181597525735,2023,2,4.232530847307206,8.40838462396105,14.394419017298276,-0.28837001270522045,0.15418614263101854,3.963503081057556,4.1758537766538435
2023-03-01,0.07001581117393109,2023,3,2.1704901463918636,7.29698241596359,14.261936099505249,-0.007942530084468229,-0.0669034642034951,3.642642095371831,5.126492269571726
2023-04-01,0.08957546148151557,2023,4,2.687263844445467,9.278088018638675,14.572860323644761,-0.12689531216514008,0.04565464043018024,3.898296285496681,6.590824174193208
