date,precip_mm,year,month,temp_c,wind_u,wind_v,solar_rad
2015-01-16 12:00:00,9.386863,2015,1,18.273834,-9.42289,0.64127725,523.460668
2015-02-15 00:00:00,15.9938755,2015,2,18.285797,-7.9684134,0.56674343,469.26054
2015-03-16 12:00:00,26.97781,2015,3,18.154694,-4.7235236,0.5705393,406.331694
2015-04-16 00:00:00,28.607992,2015,4,18.255768,-2.8496222,0.16927092,390.05793
2015-05-16 12:00:00,23.62459,2015,5,17.569214,-1.7188658,0.15739007,414.653055
2015-06-16 00:00:00,18.530035,2015,6,17.56482,-4.6340556,-0.36672407,424.75275
2015-07-16 12:00:00,8.272164,2015,7,17.60852,-5.7223926,-0.6473491,501.570328
2015-08-16 12:00:00,7.0264235,2015,8,17.897675,-6.8155746,-1.22247,575.867408
2015-09-16 00:00:00,16.227617,2015,9,18.181122,-3.8240721,-0.5802007,466.68738
2015-10-16 12:00:00,42.09258,2015,10,17.380402,-0.9994273,0.48688096,284.961982
2015-11-16 00:00:00,24.689697,2015,11,17.570038,-2.0580873,0.12514572,403.58907
2015-12-16 12:00:00,25.230812,2015,12,17.832,-5.6129036,1.404058,398.82306
2016-01-16 12:00:00,9.54288,2016,1,18.192963,-4.5262403,2.971826,541.435584
2016-02-15 12:00:00,22.695717,2016,2,18.44278,-6.776501,1.3145827,407.97751
2016-03-16 12:00:00,13.9562,2016,3,19.013641,-4.5335407,0.9016273,576.088996
2016-04-16 00:00:00,26.603022,2016,4,18.292236,-2.88547,1.1196693,395.28189
2016-05-16 12:00:00,34.232014,2016,5,17.79718,-4.1805544,0.55870533,349.17439
2016-06-16 00:00:00,20.36849,2016,6,18.085358,-6.5886307,-0.48081097,430.77
2016-07-16 12:00:00,6.641581,2016,7,17.846771,-7.0398264,-1.1215763,507.800708
2016-08-16 12:00:00,11.718299,2016,8,17.89853,-5.836762,-1.1371195,527.483042
2016-09-16 00:00:00,19.270182,2016,9,18.136078,-4.136807,-0.32898206,456.88146
2016-10-16 12:00:00,37.146793,2016,10,17.404694,-2.7553232,-0.41000965,315.836308
2016-11-16 00:00:00,34.450172,2016,11,16.861359,-3.40913,0.25856352,296.47926
2016-12-16 12:00:00,26.536459,2016,12,17.05017,-6.314016,1.0265225,341.3906
2017-01-16 12:00:00,21.43881,2017,1,17.895538,-5.5320497,1.0963308,423.919017
2017-02-15 00:00:00,19.512053,2017,2,17.773224,-5.5721126,0.67260677,363.644792
2017-03-16 12:00:00,26.93041,2017,3,18.22873,-4.7593594,0.67144775,401.810685
2017-04-16 00:00:00,32.81038,2017,4,18.102692,-1.0042253,0.5183833,394.0575
2017-05-16 12:00:00,19.177126,2017,5,18.042114,-2.1422105,0.41481495,462.999694
2017-06-16 00:00:00,23.031229,2017,6,17.850037,-3.962175,-0.6234402,378.24624
2017-07-16 12:00:00,13.427805,2017,7,18.007233,-5.3415136,-0.6952064,517.1079
2017-08-16 12:00:00,19.589111,2017,8,17.730377,-4.409958,-0.84632796,475.977968
2017-09-16 00:00:00,24.153646,2017,9,17.998108,-1.004005,0.68341714,433.09542
2017-10-16 12:00:00,27.664103,2017,10,17.187012,-2.98584,0.10394102,346.110908
2017-11-16 00:00:00,33.271328,2017,11,17.328217,-2.6813312,1.3852799,310.14951
2017-12-16 12:00:00,20.001503,2017,12,17.5766,-6.4856586,1.3945231,398.909984
2018-01-16 12:00:00,18.799013,2018,1,17.525238,-7.78036,0.9396551,416.218059
2018-02-15 00:00:00,16.046394,2018,2,18.153442,-7.9539433,0.68252534,439.011944
2018-03-16 12:00:00,19.10086,2018,3,18.091095,-5.7194157,1.3149915,470.505724
2018-04-16 00:00:00,32.528786,2018,4,17.759735,-3.781855,1.0462517,352.41006
2018-05-16 12:00:00,21.209785,2018,5,17.935791,-3.0785239,0.9281896,433.262014
2018-06-16 00:00:00,22.576378,2018,6,17.41275,-4.963271,-0.629781,390.08202
2018-07-16 12:00:00,12.358868,2018,7,18.118622,-6.614771,-0.7005967,483.753171
2018-08-16 12:00:00,23.114058,2018,8,17.974915,-4.8766866,-0.17193231,446.702746
2018-09-16 00:00:00,19.659748,2018,9,18.490387,-2.6128616,0.06458039,436.0539
2018-10-16 12:00:00,29.851774,2018,10,18.151947,-2.087377,0.37908107,392.000208
2018-11-16 00:00:00,31.8968,2018,11,17.73404,-1.4637297,0.22611131,337.58427
2018-12-16 12:00:00,29.280815,2018,12,18.132019,-4.273699,1.3860699,360.013819
2019-01-16 12:00:00,9.752568,2019,1,19.052856,-6.4713497,2.1549034,536.94325
2019-02-15 00:00:00,15.630499,2019,2,19.324738,-7.102512,1.8231319,459.48378
2019-03-16 12:00:00,27.18597,2019,3,19.641907,-4.93881,1.0738704,462.295312
2019-04-16 00:00:00,39.861694,2019,4,19.151886,-3.2075975,0.5150549,345.48849
2019-05-16 12:00:00,26.525047,2019,5,18.711456,-3.3428214,0.062488403,402.986298
2019-06-16 00:00:00,28.827047,2019,6,18.100647,-4.274808,-1.0981016,325.2123
2019-07-16 12:00:00,21.02853,2019,7,18.049988,-3.368239,-1.41426,414.779442
2019-08-16 12:00:00,14.443651,2019,8,18.172333,-4.968282,-1.2875454,505.310354
2019-09-16 00:00:00,23.050817,2019,9,18.276031,-3.9495785,-0.8090265,410.00412
2019-10-16 12:00:00,31.700905,2019,10,17.40451,-3.567503,-0.32327762,346.70059
2019-11-16 00:00:00,32.535244,2019,11,16.949005,-3.6781294,-0.37687868,296.73966
2019-12-16 12:00:00,25.05961,2019,12,16.784393,-5.9675584,0.19800587,348.309056
2020-01-16 12:00:00,24.476582,2020,1,16.7836,-9.466313,0.28701013,356.294718
2020-02-15 12:00:00,31.36135,2020,2,17.377472,-6.3126645,1.5843252,340.774679
2020-03-16 12:00:00,26.652782,2020,3,17.639313,-4.6030674,1.2136555,406.627992
2020-04-16 00:00:00,31.295372,2020,4,17.371002,-1.7847464,0.75006515,349.40748
2020-05-16 12:00:00,14.439622,2020,5,17.296051,-0.8295341,0.81932396,507.590001
2020-06-16 00:00:00,16.762142,2020,6,17.05307,-4.2587566,-0.85967624,408.23793
2020-07-16 12:00:00,12.700481,2020,7,17.487366,-6.9736543,-0.8936921,510.217809
2020-08-16 12:00:00,12.251539,2020,8,18.185028,-4.597558,-0.7714466,539.856692
2020-09-16 00:00:00,21.593212,2020,9,18.212708,-3.2313313,-0.59769857,448.75791
2020-10-16 12:00:00,32.48768,2020,10,17.31018,-1.9986436,-0.31530207,328.514626
2020-11-16 00:00:00,34.278774,2020,11,17.102875,-1.8466406,0.61047167,299.08686
2020-12-16 12:00:00,22.740427,2020,12,17.23413,-5.024245,1.0810487,340.713994
2021-01-16 12:00:00,18.239748,2021,1,17.683441,-7.7583666,1.7281965,437.33529
2021-02-15 00:00:00,11.153592,2021,2,18.104492,-7.129715,1.3293692,501.801664
2021-03-16 12:00:00,17.73029,2021,3,18.409637,-3.846156,1.4837457,451.446087
2021-04-16 00:00:00,31.478271,2021,4,18.03775,-3.9304912,0.45139074,367.87434
2021-05-16 12:00:00,24.239182,2021,5,18.048615,-4.4985256,0.5751933,395.943532
2021-06-16 00:00:00,17.563494,2021,6,17.825409,-5.759309,0.7778161,448.01721
2021-07-16 12:00:00,13.321751,2021,7,18.174957,-7.1593347,-0.107209854,486.911358
2021-08-16 12:00:00,15.617015,2021,8,18.448914,-5.5641503,-0.30206212,471.564622
2021-09-16 00:00:00,33.939457,2021,9,18.0542,-3.742185,-0.99462116,369.13443
2021-10-16 12:00:00,33.302223,2021,10,17.688904,-1.8254057,0.39582953,345.863404
2021-11-16 00:00:00,27.229595,2021,11,17.730164,-3.2987347,0.06415655,343.11312
2021-12-16 12:00:00,26.025576,2021,12,18.133026,-5.622668,1.0536404,375.937
2022-01-16 12:00:00,8.826482,2022,1,18.866608,-6.490111,2.8501234,571.886698
2022-02-15 00:00:00,10.512874,2022,2,19.196136,-6.760786,1.19104,549.188528
2022-03-16 12:00:00,23.834167,2022,3,19.236298,-4.809973,0.81077075,401.470398
2022-04-16 00:00:00,45.227375,2022,4,19.073822,-2.9344714,0.34261551,333.38379
2022-05-16 12:00:00,37.325394,2022,5,18.499847,-1.9946735,0.48817855,327.725831
2022-06-16 00:00:00,21.895374,2022,6,18.708252,-4.748422,-0.42560235,432.54009
2022-07-16 12:00:00,16.753088,2022,7,17.903412,-5.644191,-0.68041945,470.98796
2022-08-16 12:00:00,10.541455,2022,8,18.276886,-5.4774647,-0.63529044,521.430974
2022-09-16 00:00:00,29.579203,2022,9,18.322906,-3.2890203,0.19351836,400.15467
2022-10-16 12:00:00,33.623344,2022,10,17.278748,-4.202094,0.16673447,324.540085
2022-11-16 00:00:00,34.10918,2022,11,17.406586,-3.7238414,-0.051359866,309.25176
2022-12-16 12:00:00,15.779086,2022,12,17.793976,-6.604432,1.4055265,400.023225
2023-01-16 12:00:00,11.432695,2023,1,17.471558,-8.218629,1.1977423,441.206136
2023-02-15 00:00:00,12.653052,2023,2,17.830719,-8.447869,0.8398059,426.09756
2023-03-16 12:00:00,26.202137,2023,3,17.6568,-5.8530955,1.2994574,429.742026
2023-04-16 00:00:00,31.101976,2023,4,17.76181,-2.1425896,1.5756392,359.60658
2023-05-16 12:00:00,19.955488,2023,5,17.843475,-2.4681742,0.2542422,441.120762
2023-06-16 00:00:00,25.392864,2023,6,17.48648,-3.6571312,-0.30008474,363.83034
2023-07-16 12:00:00,7.5631113,2023,7,17.825409,-6.328595,-1.0915194,577.884454
2023-08-16 12:00:00,14.751211,2023,8,18.258942,-5.1734986,-0.8783963,488.110438
2023-09-16 00:00:00,15.799148,2023,9,18.487457,-2.339785,-0.4671282,492.55452
2023-10-16 12:00:00,32.95018,2023,10,17.855316,-1.9860907,0.46532997,365.814477
2023-11-16 00:00:00,41.353477,2023,11,17.62616,-1.8681011,0.67531335,289.27788
2023-12-16 12:00:00,20.997728,2023,12,18.263153,-3.9318218,1.3002585,399.517863
2024-01-16 12:00:00,15.990187,2024,1,18.653473,-7.015601,2.5794086,500.229764
2024-02-15 12:00:00,22.592543,2024,2,18.460724,-7.4586725,1.8497878,404.989524
2024-03-16 12:00:00,23.77195,2024,3,18.90207,-5.289144,0.95603514,440.658552
2024-04-16 00:00:00,22.880016,2024,4,19.037231,-3.494212,0.53918636,433.15137
2024-05-16 12:00:00,20.60273,2024,5,18.570404,-3.975394,0.42229718,433.943301
2024-06-16 00:00:00,16.152647,2024,6,18.432404,-6.5597734,-0.67207,447.08196
2024-07-16 12:00:00,7.8060317,2024,7,18.321411,-5.7980475,-0.44584662,544.30885
2024-08-16 12:00:00,9.529913,2024,8,18.375946,-6.0920954,-0.7607347,543.400984
2024-09-16 00:00:00,25.998857,2024,9,18.360504,-2.876137,0.2439344,408.50343
2024-10-16 12:00:00,33.710415,2024,10,18.075897,-2.1281545,0.38321108,345.742225
2024-11-16 00:00:00,34.090786,2024,11,17.76706,-2.7107635,0.86777794,315.96675
2024-12-16 12:00:00,24.369844,2024,12,18.19693,-6.654327,0.46383974,355.912953
2025-01-16 12:00:00,24.874348,2025,1,18.332947,-5.5466228,2.4273896,396.209295
2025-02-15 00:00:00,21.745293,2025,2,18.67569,-6.586052,1.4324803,418.24076
2025-03-16 12:00:00,14.636993,2025,3,19.380463,-4.8267255,0.2928652,522.560924
2025-04-16 00:00:00,29.507833,2025,4,19.111816,-0.61034733,0.38909975,395.50896
2025-05-16 12:00:00,33.497322,2025,5,18.398193,-1.1987113,0.46614933,371.164612
2025-06-16 00:00:00,13.478766,2025,6,18.59079,-3.2785275,0.18985918,436.13523
2025-07-16 12:00:00,14.738116,2025,7,18.323334,-3.7334409,-0.08737132,474.804339
2025-08-16 12:00:00,3.7183235,2025,8,18.558746,-2.888904,0.5137806,607.14771
2025-09-16 00:00:00,20.31486,2025,9,18.6044,-2.712299,0.32742012,469.70784
2025-10-16 12:00:00,36.87064,2025,10,18.309723,-2.2295825,0.45510352,354.981186
2025-11-16 00:00:00,33.600372,2025,11,17.807129,-2.01664,1.2185072,351.41865
2025-12-16 12:00:00,26.552904,2025,12,18.056244,-6.037325,0.18560125,340.56817
2026-01-16 12:00:00,18.044735,2026,1,18.738312,-8.413285,1.1292306,502.149656
2026-02-15 00:00:00,22.742786,2026,2,19.261993,-8.124574,1.7832094,447.238792
2026-03-16 12:00:00,25.134308,2026,3,18.921844,-6.3416038,0.41982234,408.284508
2026-04-16 00:00:00,26.334187,2026,4,18.904633,-3.5287757,0.13478786,385.82289
2026-05-16 12:00:00,24.06568,2026,5,18.735138,-1.7485185,0.7950146,413.943651
2026-06-16 00:00:00,12.048323,2026,6,18.849426,-3.2380486,0.29711187,440.65938
2026-07-16 12:00:00,17.02681,2026,7,18.374115,-5.987526,-0.76882476,463.605279
2026-08-16 12:00:00,14.6299305,2026,8,18.269165,-6.475842,-0.9742101,507.506828
2026-09-16 00:00:00,20.659363,2026,9,18.541046,-3.1207087,-0.27414018,431.81001
2026-10-16 12:00:00,35.316772,2026,10,17.596039,-1.4204794,0.5620354,331.923386
2026-11-16 00:00:00,25.498674,2026,11,17.41043,-2.0575306,0.39128715,373.92114
2026-12-16 12:00:00,22.40711,2026,12,17.811981,-3.4632576,1.8830441,385.807462
2027-01-16 12:00:00,16.522375,2027,1,18.016754,-5.6613216,2.503535,423.542739
2027-02-15 00:00:00,11.86468,2027,2,18.351349,-7.799493,1.9842578,460.788216
2027-03-16 12:00:00,23.108192,2027,3,18.41455,-3.2622497,1.8220956,475.863516
2027-04-16 00:00:00,32.686443,2027,4,17.861542,-3.2476332,1.1039824,364.28304
2027-05-16 12:00:00,14.816387,2027,5,17.79422,-2.9186013,0.6238864,476.422136
2027-06-16 00:00:00,30.21243,2027,6,17.218323,-7.0583477,-0.24838789,332.41152
2027-07-16 12:00:00,12.045336,2027,7,17.589447,-6.6163983,-0.59987605,476.378054
2027-08-16 12:00:00,25.508808,2027,8,17.821655,-5.688522,-0.81082374,416.874422
2027-09-16 00:00:00,29.063768,2027,9,18.064636,-4.4267797,-0.5510989,409.10916
2027-10-16 12:00:00,42.017487,2027,10,17.525085,-3.6533532,-0.71733636,294.440108
2027-11-16 00:00:00,29.764282,2027,11,17.269806,-3.5819647,-0.049383856,330.99678
2027-12-16 12:00:00,21.802872,2027,12,17.84674,-5.201979,0.81134236,381.227398
2028-01-16 12:00:00,19.252218,2028,1,18.438995,-6.4163,3.1536,399.227331
2028-02-15 12:00:00,9.874149,2028,2,19.024567,-8.079347,0.6237783,505.164282
2028-03-16 12:00:00,26.825459,2028,3,18.686981,-5.4196076,0.4920811,430.100758
2028-04-16 00:00:00,23.710981,2028,4,19.045563,-1.5413327,0.5727904,435.68832
2028-05-16 12:00:00,16.754765,2028,5,18.834625,-2.7835186,0.34668887,437.216188
2028-06-16 00:00:00,28.703768,2028,6,18.142761,-5.885913,-0.35131502,365.45301
2028-07-16 12:00:00,8.690421,2028,7,18.25003,-5.0229106,-0.3547208,559.199886
2028-08-16 12:00:00,12.951743,2028,8,18.57663,-5.091242,-0.3611329,509.318406
2028-09-16 00:00:00,22.468737,2028,9,18.740753,-3.5398297,-0.03024546,451.35996
2028-10-16 12:00:00,34.447395,2028,10,17.724152,-4.2473354,-0.20176123,324.506326
2028-11-16 00:00:00,34.528774,2028,11,17.886383,-4.3005295,0.5917323,309.85074
2028-12-16 12:00:00,21.733366,2028,12,17.992859,-6.233265,1.4039034,371.187273
2029-01-16 12:00:00,17.629251,2029,1,18.054626,-6.052619,2.546894,404.748741
2029-02-15 00:00:00,9.839612,2029,2,19.09616,-7.74482,0.9185859,546.601888
2029-03-16 12:00:00,11.616755,2029,3,18.932129,-4.3839064,0.72339016,539.56027
2029-04-16 00:00:00,33.138577,2029,4,18.526337,-1.48469,1.1184328,360.20163
2029-05-16 12:00:00,20.843578,2029,5,18.528229,-2.3845072,0.4235896,422.377108
2029-06-16 00:00:00,19.184946,2029,6,18.328857,-3.1046832,-0.35054508,407.86602
2029-07-16 12:00:00,17.365776,2029,7,18.293427,-6.826928,-1.0793446,455.309586
2029-08-16 12:00:00,11.45975,2029,8,18.69336,-5.1165686,-0.5678722,524.834154
2029-09-16 00:00:00,19.374968,2029,9,18.803192,-2.724533,0.34569559,427.7562
2029-10-16 12:00:00,46.580173,2029,10,18.326996,-0.8225719,0.53040457,303.856606
2029-11-16 00:00:00,38.65267,2029,11,18.07669,-1.2585273,0.85307443,302.39814
2029-12-16 12:00:00,24.431713,2029,12,18.764801,-3.8537304,2.2700217,393.08558
2030-01-16 12:00:00,12.268363,2030,1,19.324738,-6.6045103,2.4535522,532.513784
2030-02-15 00:00:00,33.689728,2030,2,18.78238,-6.301249,1.7244474,309.173872
2030-03-16 12:00:00,26.701445,2030,3,19.386017,-4.9887605,1.3598166,437.757386
2030-04-16 00:00:00,29.777409,2030,4,19.040771,-3.5426857,0.3438069,353.04087
2030-05-16 12:00:00,32.322376,2030,5,18.900421,-3.5227728,0.33052358,359.637975
2030-06-16 00:00:00,32.815674,2030,6,18.52298,-5.145744,-0.37303472,329.86854
2030-07-16 12:00:00,21.380169,2030,7,18.487732,-7.7844396,-1.1487323,415.854398
2030-08-16 12:00:00,9.277392,2030,8,18.816711,-6.1924086,-1.0349009,535.564308
2030-09-16 00:00:00,22.71258,2030,9,18.567657,-4.342168,-0.6874341,410.66478
2030-10-16 12:00:00,36.72007,2030,10,18.238708,-2.8367374,-0.63709456,353.810037
2030-11-16 00:00:00,34.50204,2030,11,17.7807,-1.6355731,0.63217086,319.9545
2030-12-16 12:00:00,25.692331,2030,12,17.889587,-4.6822224,0.88749737,333.412905
2031-01-16 12:00:00,19.190855,2031,1,18.236969,-5.927122,1.9564362,399.04161
2031-02-15 00:00:00,27.89224,2031,2,18.331635,-7.703738,0.6217965,378.726992
2031-03-16 12:00:00,32.24832,2031,3,18.503845,-4.275931,1.0615948,402.983198
2031-04-16 00:00:00,35.57419,2031,4,18.840424,-2.6564798,0.45788398,376.67667
2031-05-16 12:00:00,25.694847,2031,5,18.465729,-3.4059572,-0.26877043,421.355968
2031-06-16 00:00:00,18.694391,2031,6,18.310242,-3.319369,-0.16006131,417.87132
2031-07-16 12:00:00,14.333216,2031,7,18.315155,-6.4775076,0.0920405,490.499949
2031-08-16 12:00:00,12.949413,2031,8,18.832458,-6.3072705,-0.4973336,525.516774
2031-09-16 00:00:00,31.654232,2031,9,18.37674,-4.550679,-0.41137743,368.13498
2031-10-16 12:00:00,30.953651,2031,10,17.88144,-4.0878377,-0.30919576,349.348641
2031-11-16 00:00:00,27.123667,2031,11,17.67862,-4.6238875,0.1970744,334.29216
2031-12-16 12:00:00,19.020706,2031,12,17.820435,-6.408874,1.3626542,385.64279
2032-01-16 12:00:00,26.91893,2032,1,18.041626,-8.560951,0.8547618,358.809655
2032-02-15 12:00:00,26.086721,2032,2,18.266418,-6.8743076,2.2392097,345.647027
2032-03-16 12:00:00,25.772076,2032,3,18.471405,-3.4838474,1.4215183,429.672214
2032-04-16 00:00:00,36.857998,2032,4,18.23703,-1.997911,0.8980422,337.5096
2032-05-16 12:00:00,18.004738,2032,5,18.279572,-0.95123106,-0.16214497,393.225855
2032-06-16 00:00:00,14.227543,2032,6,18.087952,-2.4901414,-0.49990058,420.3807
2032-07-16 12:00:00,20.885702,2032,7,17.929962,-4.5809426,-0.86150765,436.118354
2032-08-16 12:00:00,20.259655,2032,8,18.42218,-4.7714243,-0.79254633,448.135566
2032-09-16 00:00:00,16.81364,2032,9,18.774078,-4.1607933,-0.26178995,477.55164
2032-10-16 12:00:00,36.61845,2032,10,18.22165,-0.55136883,0.53240794,359.607564
2032-11-16 00:00:00,26.99313,2032,11,18.034729,-0.7030559,0.67366475,356.44995
2032-12-16 12:00:00,23.355392,2032,12,18.04065,-4.6353745,2.1288383,341.281139
2033-01-16 12:00:00,19.04039,2033,1,18.635712,-6.452568,2.1719718,415.682224
2033-02-15 00:00:00,27.929642,2033,2,18.845795,-7.243794,1.3913277,335.543824
2033-03-16 12:00:00,25.375576,2033,3,19.368866,-6.4819784,0.75249577,437.074456
2033-04-16 00:00:00,18.780596,2033,4,19.813568,-3.9143252,0.41907865,471.4158
2033-05-16 12:00:00,22.127855,2033,5,19.377716,-4.4393735,0.07935654,452.17592
2033-06-16 00:00:00,18.525183,2033,6,19.085663,-5.7295985,-0.92478645,438.61644
2033-07-16 12:00:00,19.639238,2033,7,18.716461,-5.623285,-1.2596722,440.500142
2033-08-16 12:00:00,12.667187,2033,8,19.016663,-5.8783937,-1.1384789,496.933534
2033-09-16 00:00:00,30.765364,2033,9,18.359924,-5.003241,-0.88926744,368.80602
2033-10-16 12:00:00,41.269695,2033,10,18.043549,-2.3015862,-0.37649557,304.305796
2033-11-16 00:00:00,26.159645,2033,11,17.612183,-3.622056,0.033663478,357.96759
2033-12-16 12:00:00,18.123522,2033,12,18.091156,-4.424288,2.0309248,451.746136
2034-01-16 12:00:00,19.556067,2034,1,18.004791,-7.560704,0.9940611,377.750004
2034-02-15 00:00:00,26.64718,2034,2,18.29358,-6.0393744,1.5776644,333.571504
2034-03-16 12:00:00,35.315838,2034,3,18.42337,-4.624853,0.8452685,349.727182
2034-04-16 00:00:00,26.085157,2034,4,18.370636,-1.2616057,1.2585762,397.71054
2034-05-16 12:00:00,29.384878,2034,5,18.173676,-2.416864,0.3913794,384.032774
2034-06-16 00:00:00,19.205153,2034,6,17.88556,-6.472367,-0.2792945,389.33766
2034-07-16 12:00:00,11.297379,2034,7,18.172882,-7.463913,-0.5257104,503.096086
2034-08-16 12:00:00,17.715197,2034,8,18.206818,-6.6253753,-0.7777517,456.983462
2034-09-16 00:00:00,22.424292,2034,9,18.698517,-4.7414465,-0.1560907,463.73418
2034-10-16 12:00:00,38.976288,2034,10,17.82129,-3.4487267,0.26531363,335.913768
2034-11-16 00:00:00,28.916445,2034,11,17.574677,-4.4336343,0.22503483,322.14117
2034-12-16 12:00:00,31.63571,2034,12,17.785614,-6.7054367,1.2970576,305.568519
2035-01-16 12:00:00,23.357193,2035,1,18.119232,-7.9467893,0.7198353,358.108094
2035-02-15 00:00:00,21.581987,2035,2,18.336548,-7.751791,1.3728255,360.455648
2035-03-16 12:00:00,32.86806,2035,3,18.789734,-5.0226607,0.89375705,417.948696
2035-04-16 00:00:00,27.920797,2035,4,18.434662,-2.5606828,0.6394133,377.10198
2035-05-16 12:00:00,27.0951,2035,5,18.26764,-3.2844224,0.34551203,393.89282
2035-06-16 00:00:00,19.228674,2035,6,17.930359,-6.17299,-1.0857804,401.71167
2035-07-16 12:00:00,7.9124985,2035,7,18.613678,-5.743406,-0.54750806,552.32824
2035-08-16 12:00:00,12.703663,2035,8,18.315704,-5.68644,-0.9568942,507.31469
2035-09-16 00:00:00,16.742708,2035,9,18.785248,-2.494153,0.7412889,473.03739
2035-10-16 12:00:00,45.80473,2035,10,18.006256,0.09757093,0.68680125,311.714579
2035-11-16 00:00:00,34.185936,2035,11,17.633911,-0.9754687,1.0127765,288.30075
2035-12-16 12:00:00,24.847618,2035,12,18.029266,-4.9570837,0.8998065,355.797013
2036-01-16 12:00:00,18.991089,2036,1,18.510315,-8.023808,0.99617326,451.50136
2036-02-15 12:00:00,21.025343,2036,2,18.509613,-6.446446,0.894384,397.613229
2036-03-16 12:00:00,16.946144,2036,3,19.02829,-5.018025,1.0082583,486.999615
2036-04-16 00:00:00,35.013077,2036,4,18.616364,-3.3244445,1.0448711,350.30262
2036-05-16 12:00:00,18.387589,2036,5,19.253448,-4.273264,0.29486692,488.899264
2036-06-16 00:00:00,13.728597,2036,6,18.877228,-7.1660447,-0.7766667,464.53491
2036-07-16 12:00:00,10.968563,2036,7,19.079407,-7.9638457,-0.35167554,534.027328
2036-08-16 12:00:00,8.611528,2036,8,19.494781,-6.5646987,-0.40699178,605.379656
2036-09-16 00:00:00,21.218912,2036,9,19.406616,-3.517185,-0.14727822,483.75216
2036-10-16 12:00:00,32.200794,2036,10,18.687439,-3.2572517,-0.4596017,374.590856
2036-11-16 00:00:00,43.535275,2036,11,18.535553,-1.8794708,0.3315445,298.98186
2036-12-16 12:00:00,17.78295,2036,12,18.78476,-3.9398618,1.2552913,439.67765
2037-01-16 12:00:00,21.363373,2037,1,19.218353,-7.2237334,1.9964991,407.350106
2037-02-15 00:00:00,23.315304,2037,2,19.493958,-8.0927925,1.3087262,399.749112
2037-03-16 12:00:00,16.04895,2037,3,19.918549,-6.219366,0.459783,505.715958
2037-04-16 00:00:00,29.354418,2037,4,19.495636,-1.0732815,0.58072996,375.53568
2037-05-16 12:00:00,28.152168,2037,5,19.02298,-2.0756998,0.22931914,407.175762
2037-06-16 00:00:00,20.510622,2037,6,18.325989,-2.8670382,-0.46626002,404.09226
2037-07-16 12:00:00,13.875568,2037,7,18.480377,-5.9313827,-0.6610804,480.271902
2037-08-16 12:00:00,10.403975,2037,8,18.5242,-4.6498275,0.02790629,528.560354
2037-09-16 00:00:00,18.043901,2037,9,19.08786,-3.4481514,0.25316933,474.47064
2037-10-16 12:00:00,29.789501,2037,10,18.084503,-3.352795,-0.1508472,353.478926
2037-11-16 00:00:00,25.760715,2037,11,18.024353,-3.6381593,0.92271644,363.3399
2037-12-16 12:00:00,12.594264,2037,12,18.073578,-5.8840322,0.6335974,447.238953
2038-01-16 12:00:00,14.002664,2038,1,18.227234,-5.3050613,1.1755612,429.632968
2038-02-15 00:00:00,19.015701,2038,2,18.67331,-5.663982,1.1685036,398.382096
2038-03-16 12:00:00,24.181114,2038,3,18.543823,-4.8247805,1.1541739,421.486695
2038-04-16 00:00:00,30.323822,2038,4,18.583801,-3.817581,0.05522136,391.79658
2038-05-16 12:00:00,24.115751,2038,5,18.40213,-2.854593,-0.36440054,396.347865
2038-06-16 00:00:00,12.990741,2038,6,18.51706,-4.4585805,-0.8087527,443.56452
2038-07-16 12:00:00,9.853913,2038,7,18.580566,-5.9498744,-1.1745527,475.798416
2038-08-16 12:00:00,14.33489,2038,8,18.825958,-4.911796,-1.2587377,501.484086
2038-09-16 00:00:00,18.54613,2038,9,18.988495,-3.6692426,-0.44807658,453.08076
2038-10-16 12:00:00,36.194992,2038,10,17.911377,-1.9454442,0.3953972,321.380224
2038-11-16 00:00:00,34.341293,2038,11,18.07315,-2.4936714,0.007071448,308.3679
2038-12-16 12:00:00,26.94215,2038,12,18.276459,-5.474836,1.0451419,363.241012
2039-01-16 12:00:00,12.448418,2039,1,18.787384,-7.209772,1.784448,475.724078
2039-02-15 00:00:00,26.194065,2039,2,18.761963,-5.955761,2.1427546,383.56472
2039-03-16 12:00:00,17.171263,2039,3,18.970917,-4.786401,1.1358343,434.897853
2039-04-16 00:00:00,36.33649,2039,4,18.9281,-3.30655,0.70990545,383.2863
2039-05-16 12:00:00,27.627548,2039,5,18.834473,-4.076688,0.7046794,399.679032
2039-06-16 00:00:00,24.59606,2039,6,18.830383,-4.884912,-0.4917021,392.55876
2039-07-16 12:00:00,8.669128,2039,7,18.875793,-6.170445,0.063957356,533.41824
2039-08-16 12:00:00,27.696524,2039,8,18.636566,-7.85442,-1.4629371,414.303964
2039-09-16 00:00:00,15.077806,2039,9,18.984894,-5.80119,-1.0809904,477.81261
2039-10-16 12:00:00,32.920948,2039,10,18.476837,-3.2134197,-0.28849295,383.867606
2039-11-16 00:00:00,30.079798,2039,11,18.32425,-3.5728035,-0.10099064,357.65163
2039-12-16 12:00:00,21.956963,2039,12,18.121613,-5.1990356,0.9664802,352.506115
2040-01-16 12:00:00,21.902487,2040,1,18.56955,-6.7464824,1.8181744,385.341718
2040-02-15 12:00:00,13.812139,2040,2,19.181396,-7.148411,1.0250976,483.566184
2040-03-16 12:00:00,23.621622,2040,3,19.085358,-5.4718184,0.73679805,435.214642
2040-04-16 00:00:00,28.08195,2040,4,18.952942,-1.7254527,0.40430087,407.24235
2040-05-16 12:00:00,23.182253,2040,5,18.959198,-2.2716773,0.056550227,413.25976
2040-06-16 00:00:00,26.043964,2040,6,18.589355,-5.5257163,-0.6532865,378.47346
2040-07-16 12:00:00,8.746475,2040,7,18.72586,-4.117727,0.11439625,492.98866
2040-08-16 12:00:00,11.055075,2040,8,19.351227,-4.544361,-0.1302416,554.827708
2040-09-16 00:00:00,20.258924,2040,9,19.33139,-2.7389882,0.90047103,469.68102
2040-10-16 12:00:00,42.390953,2040,10,18.669037,-1.898428,1.0656983,315.46809
2040-11-16 00:00:00,36.016647,2040,11,19.059418,-3.4018817,1.5487204,340.39341
2040-12-16 12:00:00,22.041306,2040,12,19.771942,-5.191077,1.6666305,415.366923
2041-01-16 12:00:00,17.56217,2041,1,19.765411,-6.8128457,1.0434504,434.638197
2041-02-15 00:00:00,26.276798,2041,2,20.362305,-7.3243585,1.8890498,450.8252
2041-03-16 12:00:00,45.546204,2041,3,19.391418,-5.5265613,1.2121943,345.552908
2041-04-16 00:00:00,32.624706,2041,4,19.512604,-3.8459492,0.57074016,382.554
2041-05-16 12:00:00,36.545876,2041,5,18.82608,-3.376049,-0.33159822,341.905448
2041-06-16 00:00:00,27.03519,2041,6,18.646942,-4.3243456,-0.7642554,381.86628
2041-07-16 12:00:00,19.59924,2041,7,18.516296,-5.0042405,-1.2554351,438.026776
2041-08-16 12:00:00,15.037635,2041,8,18.87796,-5.638624,-1.2993149,493.352073
2041-09-16 00:00:00,24.358252,2041,9,18.999725,-4.3720293,-1.1694757,433.92
2041-10-16 12:00:00,34.186172,2041,10,18.050446,-0.9382706,0.47038874,326.688819
2041-11-16 00:00:00,26.216513,2041,11,17.721466,-0.7889872,0.41704494,360.96993
2041-12-16 12:00:00,16.959257,2041,12,17.884918,-2.6134818,1.4859216,429.898948
2042-01-16 12:00:00,22.635275,2042,1,17.687561,-7.913077,2.0137541,367.956143
2042-02-15 00:00:00,19.574703,2042,2,18.357452,-6.5498023,1.7542284,428.668016
2042-03-16 12:00:00,29.649668,2042,3,18.3266,-3.7742305,1.2684115,365.281959
2042-04-16 00:00:00,37.050167,2042,4,18.154266,-2.2381566,1.0145731,348.58761
2042-05-16 12:00:00,28.198343,2042,5,18.130768,-3.689618,-0.4026761,396.182325
2042-06-16 00:00:00,25.583977,2042,6,17.755188,-5.687069,-0.3755279,357.51657
2042-07-16 12:00:00,13.341437,2042,7,17.997162,-6.59202,-1.0650662,485.18968
2042-08-16 12:00:00,16.132391,2042,8,18.565582,-7.8043804,-1.5128932,486.392046
2042-09-16 00:00:00,31.894325,2042,9,18.231628,-3.9540055,-0.96794426,375.1737
2042-10-16 12:00:00,32.915207,2042,10,18.291718,-3.3512802,-0.39483204,369.17125
2042-11-16 00:00:00,33.27856,2042,11,17.572449,-3.0989208,0.3697114,296.15241
2042-12-16 12:00:00,18.937809,2042,12,18.245026,-5.5338774,0.94875807,401.035034
2043-01-16 12:00:00,24.806149,2043,1,18.5878,-8.613423,1.100977,380.013686
2043-02-15 00:00:00,27.28171,2043,2,18.670685,-7.2114944,1.6405686,343.857444
2043-03-16 12:00:00,17.619461,2043,3,19.364044,-5.4960546,0.56024003,461.677234
2043-04-16 00:00:00,26.122583,2043,4,19.126556,-2.5612755,0.14228083,394.98834
2043-05-16 12:00:00,23.84402,2043,5,18.941254,-1.3353117,0.34096184,428.899725
2043-06-16 00:00:00,26.391394,2043,6,18.387787,-4.9319253,-0.014086098,375.94329
2043-07-16 12:00:00,23.647623,2043,7,18.387726,-5.7405343,-0.33924073,388.538531
2043-08-16 12:00:00,10.221519,2043,8,18.734406,-4.7752595,-0.43599644,562.945616
2043-09-16 00:00:00,21.546797,2043,9,18.907867,-3.1385224,0.28342503,429.7398
2043-10-16 12:00:00,42.92344,2043,10,18.212494,-1.9851136,0.026525531,306.092171
2043-11-16 00:00:00,36.90179,2043,11,18.149567,-2.9674034,1.1261771,310.0233
2043-12-16 12:00:00,18.933493,2043,12,18.1716,-8.247558,1.335043,376.604182
2044-01-16 12:00:00,7.3423843,2044,1,19.142883,-8.212548,1.3732463,583.512628
2044-02-15 12:00:00,35.85274,2044,2,19.106842,-7.666069,1.1686609,308.129959
2044-03-16 12:00:00,18.602262,2044,3,19.857819,-6.4733806,0.37393767,501.677092
2044-04-16 00:00:00,23.745573,2044,4,19.484894,-2.8329406,0.16253911,427.67592
2044-05-16 12:00:00,21.59883,2044,5,18.977875,-3.2294416,-0.32898474,448.610889
2044-06-16 00:00:00,14.279353,2044,6,19.094086,-3.5495565,-0.14519636,467.30184
2044-07-16 12:00:00,21.147823,2044,7,18.56253,-5.106272,-1.101945,404.375439
2044-08-16 12:00:00,16.43893,2044,8,18.671478,-5.5382504,-1.3909932,436.081278
2044-09-16 00:00:00,23.693441,2044,9,18.911407,-3.6448689,-0.61592466,425.69664
2044-10-16 12:00:00,41.56476,2044,10,18.063507,-0.4077514,0.0015582397,313.35761
2044-11-16 00:00:00,30.473513,2044,11,17.674469,-1.3161335,-0.1953941,304.84254
2044-12-16 12:00:00,21.756945,2044,12,17.890594,-3.4137647,2.289688,359.088407
2045-01-16 12:00:00,23.561228,2045,1,18.086395,-6.832543,2.258015,358.385978
2045-02-15 00:00:00,16.462524,2045,2,18.469635,-6.491419,2.1126702,424.688964
2045-03-16 12:00:00,26.617668,2045,3,18.683197,-3.2271519,1.8018163,405.149106
2045-04-16 00:00:00,37.52839,2045,4,18.25119,-3.8854778,0.82733405,328.72563
2045-05-16 12:00:00,19.252083,2045,5,18.064728,-2.114185,0.75310504,400.588448
2045-06-16 00:00:00,25.481833,2045,6,18.02774,-5.1922116,-0.22135574,386.16978
2045-07-16 12:00:00,14.475967,2045,7,18.160553,-8.395539,-1.3267144,453.227502
2045-08-16 12:00:00,16.70939,2045,8,18.795624,-5.977724,-0.32584336,477.590991
2045-09-16 00:00:00,19.674685,2045,9,18.72754,-5.178952,-0.30068335,450.03096
2045-10-16 12:00:00,36.771816,2045,10,18.378204,-2.8046758,-0.2588954,348.117042
2045-11-16 00:00:00,37.475582,2045,11,17.960052,-3.1984432,0.5389569,285.86205
2045-12-16 12:00:00,26.959507,2045,12,18.514557,-5.662356,0.35095608,333.966968
2046-01-16 12:00:00,13.682619,2046,1,18.95456,-7.463897,2.0044298,478.796457
2046-02-15 00:00:00,15.253762,2046,2,19.672577,-6.675102,1.1004351,443.255148
2046-03-16 12:00:00,25.185928,2046,3,19.408234,-4.5554523,-0.16072251,412.892751
2046-04-16 00:00:00,31.91493,2046,4,19.407227,-1.9318049,-0.0021241053,361.37319
2046-05-16 12:00:00,31.249182,2046,5,19.191315,-2.3565702,-0.06836883,377.1863
2046-06-16 00:00:00,26.697407,2046,6,18.892853,-4.8267536,-0.9211451,348.68514
2046-07-16 12:00:00,12.182798,2046,7,19.07016,-5.8479266,-0.34814063,531.917344
2046-08-16 12:00:00,12.892866,2046,8,19.071472,-6.292123,-0.41602653,499.118166
2046-09-16 00:00:00,21.020731,2046,9,19.216492,-3.8370154,-0.1255786,468.56817
2046-10-16 12:00:00,42.809433,2046,10,18.121979,-2.7947283,0.26936367,301.197922
2046-11-16 00:00:00,30.83364,2046,11,18.140778,-4.295202,0.23438203,327.60552
2046-12-16 12:00:00,28.744328,2046,12,17.937103,-6.8311486,1.3257129,326.27531
2047-01-16 12:00:00,13.040067,2047,1,18.546661,-9.284185,0.9745318,504.564866
2047-02-15 00:00:00,21.054312,2047,2,18.495026,-9.079112,0.8020333,367.61816
2047-03-16 12:00:00,22.427732,2047,3,18.604034,-5.234211,-0.043053657,411.556899
2047-04-16 00:00:00,41.44584,2047,4,18.361786,-2.0318415,0.5314455,341.35614
2047-05-16 12:00:00,12.896611,2047,5,18.706268,-2.298836,0.2416246,468.940782
2047-06-16 00:00:00,25.143625,2047,6,17.871002,-2.6811538,-0.40117198,338.62632
2047-07-16 12:00:00,20.486393,2047,7,18.486298,-3.7475643,-0.76743066,427.437114
2047-08-16 12:00:00,15.0010805,2047,8,18.817291,-4.2779875,-0.8330926,475.0316
2047-09-16 00:00:00,13.583227,2047,9,19.708221,-3.1632717,-0.21067688,563.79018
2047-10-16 12:00:00,40.44916,2047,10,18.745636,-1.415396,0.46133465,318.088985
2047-11-16 00:00:00,36.498295,2047,11,18.398407,-2.0895746,0.174881,285.85266
2047-12-16 12:00:00,35.349266,2047,12,18.49582,-4.5472164,2.136067,338.140839
2048-01-16 12:00:00,17.734797,2048,1,19.429596,-6.988997,1.2537376,423.748455
2048-02-15 12:00:00,14.58683,2048,2,19.743744,-5.026062,2.0898163,453.890368
2048-03-16 12:00:00,27.479315,2048,3,19.711517,-5.016182,1.2205788,420.520084
2048-04-16 00:00:00,27.641321,2048,4,20.004059,-3.0849962,0.60971946,425.95608
2048-05-16 12:00:00,38.718224,2048,5,19.471283,-3.5254314,0.010986686,342.939236
2048-06-16 00:00:00,15.918299,2048,6,19.469208,-6.7335277,-0.77813876,432.73152
2048-07-16 12:00:00,16.665634,2048,7,19.100983,-7.186328,-0.92516184,459.895137
2048-08-16 12:00:00,10.536974,2048,8,19.48944,-7.034118,-0.7197792,526.046564
2048-09-16 00:00:00,14.115297,2048,9,19.499146,-4.958956,-0.5699268,478.22862
2048-10-16 12:00:00,37.01264,2048,10,18.603302,-1.9515474,-0.16190854,335.885992
2048-11-16 00:00:00,29.593462,2048,11,18.086395,-3.1845706,-0.2948822,298.20807
2048-12-16 12:00:00,26.063839,2048,12,18.531189,-6.1580024,0.7272422,341.108345
2049-01-16 12:00:00,21.152466,2049,1,19.15036,-6.976473,0.71592224,388.69815
2049-02-15 00:00:00,33.786465,2049,2,18.968658,-5.9615273,0.5391731,316.37536
2049-03-16 12:00:00,18.76284,2049,3,19.731262,-3.2021425,1.48964,510.835484
2049-04-16 00:00:00,37.659115,2049,4,19.006165,-0.8106917,0.48081976,320.94984
2049-05-16 12:00:00,20.065187,2049,5,19.313324,0.12496483,0.9327896,402.575889
2049-06-16 00:00:00,11.8597765,2049,6,19.450714,-3.7463129,0.3556453,514.18116
2049-07-16 12:00:00,10.27094,2049,7,19.132233,-3.9043875,0.23325124,469.450515
2049-08-16 12:00:00,15.940793,2049,8,19.382416,-2.5191383,0.66754985,508.082126
2049-09-16 00:00:00,35.93432,2049,9,19.000153,-2.0856962,-0.015098543,348.05778
2049-10-16 12:00:00,36.786694,2049,10,18.933075,-2.208875,0.9073767,352.522824
2049-11-16 00:00:00,33.31998,2049,11,18.893402,-3.1510603,0.26263544,331.98981
2049-12-16 12:00:00,30.618637,2049,12,19.187775,-6.9767485,0.2498449,363.559382
